keypts1,match_points,filename1,filename2,matchpercent,keypts2
data1\S01_0.png,data1\S01_10.png,224,500,224,1.0
data1\S01_0.png,data1\S01_14.png,224,469,224,0.6396588486140725
data1\S01_0.png,data1\S01_15.png,224,460,224,0.6521739130434783
data1\S01_0.png,data1\S01_16.png,224,454,224,0.0
data1\S01_0.png,data1\S01_21.png,224,500,224,0.4
data1\S01_0.png,data1\S01_25.png,224,469,224,0.0
data1\S01_0.png,data1\S01_26.png,224,490,224,1.0204081632653061
data1\S01_0.png,data1\S01_27.png,224,500,224,0.6
data1\S01_0.png,data1\S01_28.png,224,475,224,0.8421052631578947
data1\S01_0.png,data1\S01_29.png,224,494,224,1.214574898785425
data1\S01_0.png,data1\S01_30.png,224,482,224,0.4149377593360996
data1\S01_0.png,data1\S01_31.png,224,500,224,0.2
data1\S01_0.png,data1\S01_33.png,224,500,224,1.0
data1\S01_0.png,data1\S01_35.png,224,452,224,0.4424778761061947
data1\S01_0.png,data1\S01_36.png,224,500,224,0.0
data1\S01_0.png,data1\S01_37.png,224,500,224,0.4
data1\S01_0.png,data1\S01_39.png,224,361,224,1.10803324099723
data1\S01_0.png,data1\S03_1.png,224,500,224,0.8
data1\S01_0.png,data1\S03_10.png,224,500,224,1.2
data1\S01_0.png,data1\S03_11.png,224,454,224,1.3215859030837005
data1\S01_0.png,data1\S03_12.png,224,435,224,0.6896551724137931
data1\S01_0.png,data1\S03_15.png,224,465,224,0.6451612903225806
data1\S01_0.png,data1\S03_18.png,224,500,224,0.0
data1\S01_0.png,data1\S03_22.png,224,410,224,0.4878048780487805
data1\S01_0.png,data1\S03_28.png,224,335,224,1.791044776119403
data1\S01_0.png,data1\S03_30.png,224,298,224,2.0134228187919465
data1\S01_0.png,data1\S03_36.png,224,298,224,0.33557046979865773
data1\S01_0.png,data1\S03_40.png,224,492,224,1.016260162601626
data1\S01_0.png,data1\S03_5.png,224,493,224,0.2028397565922921
data1\S01_0.png,data1\S03_6.png,224,500,224,0.4
data1\S01_0.png,data1\S03_7.png,224,458,224,1.3100436681222707
data1\S01_0.png,data1\S14_1.png,224,441,224,1.1337868480725624
data1\S01_0.png,data1\S14_11.png,224,388,224,0.25773195876288657
data1\S01_0.png,data1\S14_19.png,224,483,224,0.2070393374741201
data1\S01_0.png,data1\S14_2.png,224,500,224,0.2
data1\S01_0.png,data1\S14_21.png,224,500,224,0.6
data1\S01_0.png,data1\S14_24.png,224,500,224,1.0
data1\S01_0.png,data1\S14_25.png,224,428,224,1.1682242990654206
data1\S01_0.png,data1\S14_30.png,224,500,224,1.0
data1\S01_0.png,data1\S14_9.png,224,233,224,0.0
data1\S01_10.png,data1\S01_0.png,500,224,500,4.464285714285714
data1\S01_10.png,data1\S01_14.png,500,469,500,0.21321961620469082
data1\S01_10.png,data1\S01_15.png,500,460,500,0.43478260869565216
data1\S01_10.png,data1\S01_16.png,500,454,500,0.22026431718061673
data1\S01_10.png,data1\S01_21.png,500,500,500,1.2
data1\S01_10.png,data1\S01_25.png,500,469,500,0.42643923240938164
data1\S01_10.png,data1\S01_26.png,500,490,500,0.0
data1\S01_10.png,data1\S01_27.png,500,500,500,0.4
data1\S01_10.png,data1\S01_28.png,500,475,500,1.263157894736842
data1\S01_10.png,data1\S01_29.png,500,494,500,0.8097165991902834
data1\S01_10.png,data1\S01_30.png,500,482,500,0.2074688796680498
data1\S01_10.png,data1\S01_31.png,500,500,500,0.8
data1\S01_10.png,data1\S01_33.png,500,500,500,0.6
data1\S01_10.png,data1\S01_35.png,500,452,500,1.1061946902654867
data1\S01_10.png,data1\S01_36.png,500,500,500,1.2
data1\S01_10.png,data1\S01_37.png,500,500,500,0.2
data1\S01_10.png,data1\S01_39.png,500,361,500,1.9390581717451523
data1\S01_10.png,data1\S03_1.png,500,500,500,1.2
data1\S01_10.png,data1\S03_10.png,500,500,500,1.2
data1\S01_10.png,data1\S03_11.png,500,454,500,0.8810572687224669
data1\S01_10.png,data1\S03_12.png,500,435,500,0.22988505747126436
data1\S01_10.png,data1\S03_15.png,500,465,500,0.43010752688172044
data1\S01_10.png,data1\S03_18.png,500,500,500,0.8
data1\S01_10.png,data1\S03_22.png,500,410,500,0.4878048780487805
data1\S01_10.png,data1\S03_28.png,500,335,500,0.8955223880597015
data1\S01_10.png,data1\S03_30.png,500,298,500,0.6711409395973155
data1\S01_10.png,data1\S03_36.png,500,298,500,1.342281879194631
data1\S01_10.png,data1\S03_40.png,500,492,500,0.4065040650406504
data1\S01_10.png,data1\S03_5.png,500,493,500,0.8113590263691683
data1\S01_10.png,data1\S03_6.png,500,500,500,0.0
data1\S01_10.png,data1\S03_7.png,500,458,500,0.4366812227074236
data1\S01_10.png,data1\S14_1.png,500,441,500,0.22675736961451248
data1\S01_10.png,data1\S14_11.png,500,388,500,0.7731958762886598
data1\S01_10.png,data1\S14_19.png,500,483,500,0.4140786749482402
data1\S01_10.png,data1\S14_2.png,500,500,500,0.4
data1\S01_10.png,data1\S14_21.png,500,500,500,0.6
data1\S01_10.png,data1\S14_24.png,500,500,500,1.0
data1\S01_10.png,data1\S14_25.png,500,428,500,0.9345794392523364
data1\S01_10.png,data1\S14_30.png,500,500,500,0.4
data1\S01_10.png,data1\S14_9.png,500,233,500,0.8583690987124464
data1\S01_14.png,data1\S01_0.png,469,224,469,4.464285714285714
data1\S01_14.png,data1\S01_10.png,469,500,469,0.6
data1\S01_14.png,data1\S01_15.png,469,460,469,1.9565217391304348
data1\S01_14.png,data1\S01_16.png,469,454,469,0.0
data1\S01_14.png,data1\S01_21.png,469,500,469,0.2
data1\S01_14.png,data1\S01_25.png,469,469,469,2.1321961620469083
data1\S01_14.png,data1\S01_26.png,469,490,469,0.40816326530612246
data1\S01_14.png,data1\S01_27.png,469,500,469,0.2
data1\S01_14.png,data1\S01_28.png,469,475,469,0.8421052631578947
data1\S01_14.png,data1\S01_29.png,469,494,469,1.8218623481781377
data1\S01_14.png,data1\S01_30.png,469,482,469,0.2074688796680498
data1\S01_14.png,data1\S01_31.png,469,500,469,0.8
data1\S01_14.png,data1\S01_33.png,469,500,469,1.2
data1\S01_14.png,data1\S01_35.png,469,452,469,0.4424778761061947
data1\S01_14.png,data1\S01_36.png,469,500,469,1.4
data1\S01_14.png,data1\S01_37.png,469,500,469,1.0
data1\S01_14.png,data1\S01_39.png,469,361,469,1.3850415512465375
data1\S01_14.png,data1\S03_1.png,469,500,469,0.8
data1\S01_14.png,data1\S03_10.png,469,500,469,1.6
data1\S01_14.png,data1\S03_11.png,469,454,469,1.1013215859030836
data1\S01_14.png,data1\S03_12.png,469,435,469,0.6896551724137931
data1\S01_14.png,data1\S03_15.png,469,465,469,1.075268817204301
data1\S01_14.png,data1\S03_18.png,469,500,469,0.4
data1\S01_14.png,data1\S03_22.png,469,410,469,1.951219512195122
data1\S01_14.png,data1\S03_28.png,469,335,469,2.388059701492537
data1\S01_14.png,data1\S03_30.png,469,298,469,1.342281879194631
data1\S01_14.png,data1\S03_36.png,469,298,469,0.6711409395973155
data1\S01_14.png,data1\S03_40.png,469,492,469,1.829268292682927
data1\S01_14.png,data1\S03_5.png,469,493,469,0.6085192697768763
data1\S01_14.png,data1\S03_6.png,469,500,469,0.8
data1\S01_14.png,data1\S03_7.png,469,458,469,1.091703056768559
data1\S01_14.png,data1\S14_1.png,469,441,469,0.6802721088435374
data1\S01_14.png,data1\S14_11.png,469,388,469,0.5154639175257731
data1\S01_14.png,data1\S14_19.png,469,483,469,0.6211180124223602
data1\S01_14.png,data1\S14_2.png,469,500,469,1.2
data1\S01_14.png,data1\S14_21.png,469,500,469,1.0
data1\S01_14.png,data1\S14_24.png,469,500,469,0.2
data1\S01_14.png,data1\S14_25.png,469,428,469,0.0
data1\S01_14.png,data1\S14_30.png,469,500,469,1.2
data1\S01_14.png,data1\S14_9.png,469,233,469,2.575107296137339
data1\S01_15.png,data1\S01_0.png,460,224,460,4.464285714285714
data1\S01_15.png,data1\S01_10.png,460,500,460,0.6
data1\S01_15.png,data1\S01_14.png,460,469,460,1.279317697228145
data1\S01_15.png,data1\S01_16.png,460,454,460,0.8810572687224669
data1\S01_15.png,data1\S01_21.png,460,500,460,0.8
data1\S01_15.png,data1\S01_25.png,460,469,460,0.8528784648187633
data1\S01_15.png,data1\S01_26.png,460,490,460,0.8163265306122449
data1\S01_15.png,data1\S01_27.png,460,500,460,1.0
data1\S01_15.png,data1\S01_28.png,460,475,460,1.0526315789473684
data1\S01_15.png,data1\S01_29.png,460,494,460,1.0121457489878543
data1\S01_15.png,data1\S01_30.png,460,482,460,0.0
data1\S01_15.png,data1\S01_31.png,460,500,460,0.4
data1\S01_15.png,data1\S01_33.png,460,500,460,0.2
data1\S01_15.png,data1\S01_35.png,460,452,460,1.3274336283185841
data1\S01_15.png,data1\S01_36.png,460,500,460,0.6
data1\S01_15.png,data1\S01_37.png,460,500,460,1.2
data1\S01_15.png,data1\S01_39.png,460,361,460,2.770083102493075
data1\S01_15.png,data1\S03_1.png,460,500,460,0.8
data1\S01_15.png,data1\S03_10.png,460,500,460,1.4
data1\S01_15.png,data1\S03_11.png,460,454,460,0.44052863436123346
data1\S01_15.png,data1\S03_12.png,460,435,460,0.45977011494252873
data1\S01_15.png,data1\S03_15.png,460,465,460,0.8602150537634409
data1\S01_15.png,data1\S03_18.png,460,500,460,0.2
data1\S01_15.png,data1\S03_22.png,460,410,460,1.4634146341463414
data1\S01_15.png,data1\S03_28.png,460,335,460,0.8955223880597015
data1\S01_15.png,data1\S03_30.png,460,298,460,2.0134228187919465
data1\S01_15.png,data1\S03_36.png,460,298,460,1.0067114093959733
data1\S01_15.png,data1\S03_40.png,460,492,460,0.4065040650406504
data1\S01_15.png,data1\S03_5.png,460,493,460,2.636916835699797
data1\S01_15.png,data1\S03_6.png,460,500,460,0.8
data1\S01_15.png,data1\S03_7.png,460,458,460,1.091703056768559
data1\S01_15.png,data1\S14_1.png,460,441,460,0.6802721088435374
data1\S01_15.png,data1\S14_11.png,460,388,460,0.5154639175257731
data1\S01_15.png,data1\S14_19.png,460,483,460,0.2070393374741201
data1\S01_15.png,data1\S14_2.png,460,500,460,0.8
data1\S01_15.png,data1\S14_21.png,460,500,460,0.6
data1\S01_15.png,data1\S14_24.png,460,500,460,0.6
data1\S01_15.png,data1\S14_25.png,460,428,460,0.7009345794392523
data1\S01_15.png,data1\S14_30.png,460,500,460,0.6
data1\S01_15.png,data1\S14_9.png,460,233,460,2.1459227467811157
data1\S01_16.png,data1\S01_0.png,454,224,454,0.8928571428571429
data1\S01_16.png,data1\S01_10.png,454,500,454,0.4
data1\S01_16.png,data1\S01_14.png,454,469,454,0.6396588486140725
data1\S01_16.png,data1\S01_15.png,454,460,454,1.3043478260869565
data1\S01_16.png,data1\S01_21.png,454,500,454,0.6
data1\S01_16.png,data1\S01_25.png,454,469,454,1.0660980810234542
data1\S01_16.png,data1\S01_26.png,454,490,454,0.6122448979591837
data1\S01_16.png,data1\S01_27.png,454,500,454,1.0
data1\S01_16.png,data1\S01_28.png,454,475,454,1.4736842105263157
data1\S01_16.png,data1\S01_29.png,454,494,454,1.0121457489878543
data1\S01_16.png,data1\S01_30.png,454,482,454,0.6224066390041494
data1\S01_16.png,data1\S01_31.png,454,500,454,0.6
data1\S01_16.png,data1\S01_33.png,454,500,454,0.8
data1\S01_16.png,data1\S01_35.png,454,452,454,0.22123893805309736
data1\S01_16.png,data1\S01_36.png,454,500,454,0.0
data1\S01_16.png,data1\S01_37.png,454,500,454,1.2
data1\S01_16.png,data1\S01_39.png,454,361,454,0.8310249307479224
data1\S01_16.png,data1\S03_1.png,454,500,454,1.0
data1\S01_16.png,data1\S03_10.png,454,500,454,1.0
data1\S01_16.png,data1\S03_11.png,454,454,454,1.1013215859030836
data1\S01_16.png,data1\S03_12.png,454,435,454,0.9195402298850575
data1\S01_16.png,data1\S03_15.png,454,465,454,1.2903225806451613
data1\S01_16.png,data1\S03_18.png,454,500,454,2.6
data1\S01_16.png,data1\S03_22.png,454,410,454,1.7073170731707317
data1\S01_16.png,data1\S03_28.png,454,335,454,3.582089552238806
data1\S01_16.png,data1\S03_30.png,454,298,454,1.6778523489932886
data1\S01_16.png,data1\S03_36.png,454,298,454,1.342281879194631
data1\S01_16.png,data1\S03_40.png,454,492,454,0.8130081300813008
data1\S01_16.png,data1\S03_5.png,454,493,454,1.0141987829614605
data1\S01_16.png,data1\S03_6.png,454,500,454,1.2
data1\S01_16.png,data1\S03_7.png,454,458,454,1.091703056768559
data1\S01_16.png,data1\S14_1.png,454,441,454,1.1337868480725624
data1\S01_16.png,data1\S14_11.png,454,388,454,0.7731958762886598
data1\S01_16.png,data1\S14_19.png,454,483,454,1.0351966873706004
data1\S01_16.png,data1\S14_2.png,454,500,454,1.6
data1\S01_16.png,data1\S14_21.png,454,500,454,0.4
data1\S01_16.png,data1\S14_24.png,454,500,454,0.2
data1\S01_16.png,data1\S14_25.png,454,428,454,0.7009345794392523
data1\S01_16.png,data1\S14_30.png,454,500,454,1.4
data1\S01_16.png,data1\S14_9.png,454,233,454,3.8626609442060085
data1\S01_21.png,data1\S01_0.png,500,224,500,2.232142857142857
data1\S01_21.png,data1\S01_10.png,500,500,500,1.2
data1\S01_21.png,data1\S01_14.png,500,469,500,0.6396588486140725
data1\S01_21.png,data1\S01_15.png,500,460,500,1.0869565217391304
data1\S01_21.png,data1\S01_16.png,500,454,500,0.6607929515418502
data1\S01_21.png,data1\S01_25.png,500,469,500,1.492537313432836
data1\S01_21.png,data1\S01_26.png,500,490,500,1.2244897959183674
data1\S01_21.png,data1\S01_27.png,500,500,500,0.4
data1\S01_21.png,data1\S01_28.png,500,475,500,1.0526315789473684
data1\S01_21.png,data1\S01_29.png,500,494,500,1.0121457489878543
data1\S01_21.png,data1\S01_30.png,500,482,500,1.6597510373443984
data1\S01_21.png,data1\S01_31.png,500,500,500,1.0
data1\S01_21.png,data1\S01_33.png,500,500,500,1.0
data1\S01_21.png,data1\S01_35.png,500,452,500,1.3274336283185841
data1\S01_21.png,data1\S01_36.png,500,500,500,0.4
data1\S01_21.png,data1\S01_37.png,500,500,500,0.6
data1\S01_21.png,data1\S01_39.png,500,361,500,1.3850415512465375
data1\S01_21.png,data1\S03_1.png,500,500,500,0.6
data1\S01_21.png,data1\S03_10.png,500,500,500,0.2
data1\S01_21.png,data1\S03_11.png,500,454,500,0.8810572687224669
data1\S01_21.png,data1\S03_12.png,500,435,500,1.3793103448275863
data1\S01_21.png,data1\S03_15.png,500,465,500,1.075268817204301
data1\S01_21.png,data1\S03_18.png,500,500,500,1.0
data1\S01_21.png,data1\S03_22.png,500,410,500,0.7317073170731707
data1\S01_21.png,data1\S03_28.png,500,335,500,1.791044776119403
data1\S01_21.png,data1\S03_30.png,500,298,500,2.0134228187919465
data1\S01_21.png,data1\S03_36.png,500,298,500,1.0067114093959733
data1\S01_21.png,data1\S03_40.png,500,492,500,0.2032520325203252
data1\S01_21.png,data1\S03_5.png,500,493,500,0.4056795131845842
data1\S01_21.png,data1\S03_6.png,500,500,500,1.0
data1\S01_21.png,data1\S03_7.png,500,458,500,1.5283842794759825
data1\S01_21.png,data1\S14_1.png,500,441,500,1.3605442176870748
data1\S01_21.png,data1\S14_11.png,500,388,500,1.0309278350515463
data1\S01_21.png,data1\S14_19.png,500,483,500,1.2422360248447204
data1\S01_21.png,data1\S14_2.png,500,500,500,0.6
data1\S01_21.png,data1\S14_21.png,500,500,500,0.4
data1\S01_21.png,data1\S14_24.png,500,500,500,1.0
data1\S01_21.png,data1\S14_25.png,500,428,500,0.4672897196261682
data1\S01_21.png,data1\S14_30.png,500,500,500,0.8
data1\S01_21.png,data1\S14_9.png,500,233,500,0.4291845493562232
data1\S01_25.png,data1\S01_0.png,469,224,469,1.7857142857142858
data1\S01_25.png,data1\S01_10.png,469,500,469,0.2
data1\S01_25.png,data1\S01_14.png,469,469,469,1.0660980810234542
data1\S01_25.png,data1\S01_15.png,469,460,469,0.8695652173913043
data1\S01_25.png,data1\S01_16.png,469,454,469,1.1013215859030836
data1\S01_25.png,data1\S01_21.png,469,500,469,0.4
data1\S01_25.png,data1\S01_26.png,469,490,469,0.6122448979591837
data1\S01_25.png,data1\S01_27.png,469,500,469,0.8
data1\S01_25.png,data1\S01_28.png,469,475,469,1.0526315789473684
data1\S01_25.png,data1\S01_29.png,469,494,469,0.20242914979757085
data1\S01_25.png,data1\S01_30.png,469,482,469,1.037344398340249
data1\S01_25.png,data1\S01_31.png,469,500,469,0.6
data1\S01_25.png,data1\S01_33.png,469,500,469,0.8
data1\S01_25.png,data1\S01_35.png,469,452,469,0.4424778761061947
data1\S01_25.png,data1\S01_36.png,469,500,469,1.0
data1\S01_25.png,data1\S01_37.png,469,500,469,1.0
data1\S01_25.png,data1\S01_39.png,469,361,469,0.8310249307479224
data1\S01_25.png,data1\S03_1.png,469,500,469,0.4
data1\S01_25.png,data1\S03_10.png,469,500,469,0.6
data1\S01_25.png,data1\S03_11.png,469,454,469,0.6607929515418502
data1\S01_25.png,data1\S03_12.png,469,435,469,0.22988505747126436
data1\S01_25.png,data1\S03_15.png,469,465,469,0.43010752688172044
data1\S01_25.png,data1\S03_18.png,469,500,469,1.0
data1\S01_25.png,data1\S03_22.png,469,410,469,1.4634146341463414
data1\S01_25.png,data1\S03_28.png,469,335,469,1.1940298507462686
data1\S01_25.png,data1\S03_30.png,469,298,469,2.0134228187919465
data1\S01_25.png,data1\S03_36.png,469,298,469,2.348993288590604
data1\S01_25.png,data1\S03_40.png,469,492,469,0.8130081300813008
data1\S01_25.png,data1\S03_5.png,469,493,469,0.6085192697768763
data1\S01_25.png,data1\S03_6.png,469,500,469,1.4
data1\S01_25.png,data1\S03_7.png,469,458,469,1.3100436681222707
data1\S01_25.png,data1\S14_1.png,469,441,469,0.6802721088435374
data1\S01_25.png,data1\S14_11.png,469,388,469,1.5463917525773196
data1\S01_25.png,data1\S14_19.png,469,483,469,0.4140786749482402
data1\S01_25.png,data1\S14_2.png,469,500,469,0.0
data1\S01_25.png,data1\S14_21.png,469,500,469,0.8
data1\S01_25.png,data1\S14_24.png,469,500,469,1.0
data1\S01_25.png,data1\S14_25.png,469,428,469,1.4018691588785046
data1\S01_25.png,data1\S14_30.png,469,500,469,0.8
data1\S01_25.png,data1\S14_9.png,469,233,469,0.8583690987124464
data1\S01_26.png,data1\S01_0.png,490,224,490,1.7857142857142858
data1\S01_26.png,data1\S01_10.png,490,500,490,0.4
data1\S01_26.png,data1\S01_14.png,490,469,490,0.8528784648187633
data1\S01_26.png,data1\S01_15.png,490,460,490,0.6521739130434783
data1\S01_26.png,data1\S01_16.png,490,454,490,1.1013215859030836
data1\S01_26.png,data1\S01_21.png,490,500,490,0.4
data1\S01_26.png,data1\S01_25.png,490,469,490,1.279317697228145
data1\S01_26.png,data1\S01_27.png,490,500,490,0.6
data1\S01_26.png,data1\S01_28.png,490,475,490,0.8421052631578947
data1\S01_26.png,data1\S01_29.png,490,494,490,0.6072874493927125
data1\S01_26.png,data1\S01_30.png,490,482,490,0.6224066390041494
data1\S01_26.png,data1\S01_31.png,490,500,490,0.4
data1\S01_26.png,data1\S01_33.png,490,500,490,0.8
data1\S01_26.png,data1\S01_35.png,490,452,490,0.22123893805309736
data1\S01_26.png,data1\S01_36.png,490,500,490,0.4
data1\S01_26.png,data1\S01_37.png,490,500,490,0.6
data1\S01_26.png,data1\S01_39.png,490,361,490,0.8310249307479224
data1\S01_26.png,data1\S03_1.png,490,500,490,0.8
data1\S01_26.png,data1\S03_10.png,490,500,490,0.6
data1\S01_26.png,data1\S03_11.png,490,454,490,1.3215859030837005
data1\S01_26.png,data1\S03_12.png,490,435,490,0.45977011494252873
data1\S01_26.png,data1\S03_15.png,490,465,490,0.8602150537634409
data1\S01_26.png,data1\S03_18.png,490,500,490,0.4
data1\S01_26.png,data1\S03_22.png,490,410,490,1.7073170731707317
data1\S01_26.png,data1\S03_28.png,490,335,490,1.492537313432836
data1\S01_26.png,data1\S03_30.png,490,298,490,1.342281879194631
data1\S01_26.png,data1\S03_36.png,490,298,490,0.6711409395973155
data1\S01_26.png,data1\S03_40.png,490,492,490,0.2032520325203252
data1\S01_26.png,data1\S03_5.png,490,493,490,0.2028397565922921
data1\S01_26.png,data1\S03_6.png,490,500,490,0.2
data1\S01_26.png,data1\S03_7.png,490,458,490,1.5283842794759825
data1\S01_26.png,data1\S14_1.png,490,441,490,0.22675736961451248
data1\S01_26.png,data1\S14_11.png,490,388,490,0.25773195876288657
data1\S01_26.png,data1\S14_19.png,490,483,490,1.2422360248447204
data1\S01_26.png,data1\S14_2.png,490,500,490,1.0
data1\S01_26.png,data1\S14_21.png,490,500,490,0.8
data1\S01_26.png,data1\S14_24.png,490,500,490,0.6
data1\S01_26.png,data1\S14_25.png,490,428,490,0.9345794392523364
data1\S01_26.png,data1\S14_30.png,490,500,490,1.4
data1\S01_26.png,data1\S14_9.png,490,233,490,1.7167381974248928
data1\S01_27.png,data1\S01_0.png,500,224,500,4.464285714285714
data1\S01_27.png,data1\S01_10.png,500,500,500,0.8
data1\S01_27.png,data1\S01_14.png,500,469,500,1.9189765458422174
data1\S01_27.png,data1\S01_15.png,500,460,500,1.3043478260869565
data1\S01_27.png,data1\S01_16.png,500,454,500,1.7621145374449338
data1\S01_27.png,data1\S01_21.png,500,500,500,1.0
data1\S01_27.png,data1\S01_25.png,500,469,500,1.9189765458422174
data1\S01_27.png,data1\S01_26.png,500,490,500,1.4285714285714286
data1\S01_27.png,data1\S01_28.png,500,475,500,1.0526315789473684
data1\S01_27.png,data1\S01_29.png,500,494,500,1.0121457489878543
data1\S01_27.png,data1\S01_30.png,500,482,500,1.037344398340249
data1\S01_27.png,data1\S01_31.png,500,500,500,0.8
data1\S01_27.png,data1\S01_33.png,500,500,500,1.0
data1\S01_27.png,data1\S01_35.png,500,452,500,1.5486725663716814
data1\S01_27.png,data1\S01_36.png,500,500,500,1.2
data1\S01_27.png,data1\S01_37.png,500,500,500,0.4
data1\S01_27.png,data1\S01_39.png,500,361,500,0.8310249307479224
data1\S01_27.png,data1\S03_1.png,500,500,500,0.2
data1\S01_27.png,data1\S03_10.png,500,500,500,1.0
data1\S01_27.png,data1\S03_11.png,500,454,500,0.44052863436123346
data1\S01_27.png,data1\S03_12.png,500,435,500,1.1494252873563218
data1\S01_27.png,data1\S03_15.png,500,465,500,1.5053763440860215
data1\S01_27.png,data1\S03_18.png,500,500,500,1.2
data1\S01_27.png,data1\S03_22.png,500,410,500,1.951219512195122
data1\S01_27.png,data1\S03_28.png,500,335,500,1.791044776119403
data1\S01_27.png,data1\S03_30.png,500,298,500,1.6778523489932886
data1\S01_27.png,data1\S03_36.png,500,298,500,0.6711409395973155
data1\S01_27.png,data1\S03_40.png,500,492,500,0.4065040650406504
data1\S01_27.png,data1\S03_5.png,500,493,500,0.4056795131845842
data1\S01_27.png,data1\S03_6.png,500,500,500,1.0
data1\S01_27.png,data1\S03_7.png,500,458,500,2.183406113537118
data1\S01_27.png,data1\S14_1.png,500,441,500,0.9070294784580499
data1\S01_27.png,data1\S14_11.png,500,388,500,2.8350515463917527
data1\S01_27.png,data1\S14_19.png,500,483,500,0.4140786749482402
data1\S01_27.png,data1\S14_2.png,500,500,500,1.0
data1\S01_27.png,data1\S14_21.png,500,500,500,1.6
data1\S01_27.png,data1\S14_24.png,500,500,500,0.6
data1\S01_27.png,data1\S14_25.png,500,428,500,0.9345794392523364
data1\S01_27.png,data1\S14_30.png,500,500,500,0.4
data1\S01_27.png,data1\S14_9.png,500,233,500,1.2875536480686696
data1\S01_28.png,data1\S01_0.png,475,224,475,2.232142857142857
data1\S01_28.png,data1\S01_10.png,475,500,475,1.6
data1\S01_28.png,data1\S01_14.png,475,469,475,1.492537313432836
data1\S01_28.png,data1\S01_15.png,475,460,475,0.6521739130434783
data1\S01_28.png,data1\S01_16.png,475,454,475,1.9823788546255507
data1\S01_28.png,data1\S01_21.png,475,500,475,1.2
data1\S01_28.png,data1\S01_25.png,475,469,475,0.6396588486140725
data1\S01_28.png,data1\S01_26.png,475,490,475,0.8163265306122449
data1\S01_28.png,data1\S01_27.png,475,500,475,0.4
data1\S01_28.png,data1\S01_29.png,475,494,475,0.8097165991902834
data1\S01_28.png,data1\S01_30.png,475,482,475,0.6224066390041494
data1\S01_28.png,data1\S01_31.png,475,500,475,1.4
data1\S01_28.png,data1\S01_33.png,475,500,475,0.6
data1\S01_28.png,data1\S01_35.png,475,452,475,0.8849557522123894
data1\S01_28.png,data1\S01_36.png,475,500,475,1.4
data1\S01_28.png,data1\S01_37.png,475,500,475,0.8
data1\S01_28.png,data1\S01_39.png,475,361,475,1.9390581717451523
data1\S01_28.png,data1\S03_1.png,475,500,475,1.2
data1\S01_28.png,data1\S03_10.png,475,500,475,0.8
data1\S01_28.png,data1\S03_11.png,475,454,475,0.8810572687224669
data1\S01_28.png,data1\S03_12.png,475,435,475,1.1494252873563218
data1\S01_28.png,data1\S03_15.png,475,465,475,0.6451612903225806
data1\S01_28.png,data1\S03_18.png,475,500,475,1.2
data1\S01_28.png,data1\S03_22.png,475,410,475,0.975609756097561
data1\S01_28.png,data1\S03_28.png,475,335,475,1.1940298507462686
data1\S01_28.png,data1\S03_30.png,475,298,475,2.0134228187919465
data1\S01_28.png,data1\S03_36.png,475,298,475,1.342281879194631
data1\S01_28.png,data1\S03_40.png,475,492,475,0.8130081300813008
data1\S01_28.png,data1\S03_5.png,475,493,475,0.6085192697768763
data1\S01_28.png,data1\S03_6.png,475,500,475,1.0
data1\S01_28.png,data1\S03_7.png,475,458,475,1.3100436681222707
data1\S01_28.png,data1\S14_1.png,475,441,475,0.9070294784580499
data1\S01_28.png,data1\S14_11.png,475,388,475,0.25773195876288657
data1\S01_28.png,data1\S14_19.png,475,483,475,0.4140786749482402
data1\S01_28.png,data1\S14_2.png,475,500,475,0.4
data1\S01_28.png,data1\S14_21.png,475,500,475,0.8
data1\S01_28.png,data1\S14_24.png,475,500,475,0.4
data1\S01_28.png,data1\S14_25.png,475,428,475,0.4672897196261682
data1\S01_28.png,data1\S14_30.png,475,500,475,1.2
data1\S01_28.png,data1\S14_9.png,475,233,475,1.7167381974248928
data1\S01_29.png,data1\S01_0.png,494,224,494,2.232142857142857
data1\S01_29.png,data1\S01_10.png,494,500,494,0.8
data1\S01_29.png,data1\S01_14.png,494,469,494,0.8528784648187633
data1\S01_29.png,data1\S01_15.png,494,460,494,1.5217391304347827
data1\S01_29.png,data1\S01_16.png,494,454,494,0.44052863436123346
data1\S01_29.png,data1\S01_21.png,494,500,494,0.4
data1\S01_29.png,data1\S01_25.png,494,469,494,1.279317697228145
data1\S01_29.png,data1\S01_26.png,494,490,494,0.8163265306122449
data1\S01_29.png,data1\S01_27.png,494,500,494,1.0
data1\S01_29.png,data1\S01_28.png,494,475,494,0.0
data1\S01_29.png,data1\S01_30.png,494,482,494,1.4522821576763485
data1\S01_29.png,data1\S01_31.png,494,500,494,0.6
data1\S01_29.png,data1\S01_33.png,494,500,494,1.4
data1\S01_29.png,data1\S01_35.png,494,452,494,1.991150442477876
data1\S01_29.png,data1\S01_36.png,494,500,494,1.4
data1\S01_29.png,data1\S01_37.png,494,500,494,0.8
data1\S01_29.png,data1\S01_39.png,494,361,494,1.3850415512465375
data1\S01_29.png,data1\S03_1.png,494,500,494,0.6
data1\S01_29.png,data1\S03_10.png,494,500,494,0.8
data1\S01_29.png,data1\S03_11.png,494,454,494,0.8810572687224669
data1\S01_29.png,data1\S03_12.png,494,435,494,0.6896551724137931
data1\S01_29.png,data1\S03_15.png,494,465,494,0.6451612903225806
data1\S01_29.png,data1\S03_18.png,494,500,494,0.6
data1\S01_29.png,data1\S03_22.png,494,410,494,0.975609756097561
data1\S01_29.png,data1\S03_28.png,494,335,494,1.791044776119403
data1\S01_29.png,data1\S03_30.png,494,298,494,3.0201342281879193
data1\S01_29.png,data1\S03_36.png,494,298,494,1.342281879194631
data1\S01_29.png,data1\S03_40.png,494,492,494,0.6097560975609756
data1\S01_29.png,data1\S03_5.png,494,493,494,1.2170385395537526
data1\S01_29.png,data1\S03_6.png,494,500,494,0.2
data1\S01_29.png,data1\S03_7.png,494,458,494,0.8733624454148472
data1\S01_29.png,data1\S14_1.png,494,441,494,0.45351473922902497
data1\S01_29.png,data1\S14_11.png,494,388,494,0.5154639175257731
data1\S01_29.png,data1\S14_19.png,494,483,494,1.0351966873706004
data1\S01_29.png,data1\S14_2.png,494,500,494,0.6
data1\S01_29.png,data1\S14_21.png,494,500,494,1.2
data1\S01_29.png,data1\S14_24.png,494,500,494,0.8
data1\S01_29.png,data1\S14_25.png,494,428,494,1.4018691588785046
data1\S01_29.png,data1\S14_30.png,494,500,494,0.6
data1\S01_29.png,data1\S14_9.png,494,233,494,2.1459227467811157
data1\S01_30.png,data1\S01_0.png,482,224,482,1.7857142857142858
data1\S01_30.png,data1\S01_10.png,482,500,482,1.0
data1\S01_30.png,data1\S01_14.png,482,469,482,0.6396588486140725
data1\S01_30.png,data1\S01_15.png,482,460,482,1.0869565217391304
data1\S01_30.png,data1\S01_16.png,482,454,482,1.3215859030837005
data1\S01_30.png,data1\S01_21.png,482,500,482,0.6
data1\S01_30.png,data1\S01_25.png,482,469,482,0.6396588486140725
data1\S01_30.png,data1\S01_26.png,482,490,482,0.6122448979591837
data1\S01_30.png,data1\S01_27.png,482,500,482,0.8
data1\S01_30.png,data1\S01_28.png,482,475,482,0.8421052631578947
data1\S01_30.png,data1\S01_29.png,482,494,482,2.2267206477732793
data1\S01_30.png,data1\S01_31.png,482,500,482,0.8
data1\S01_30.png,data1\S01_33.png,482,500,482,0.8
data1\S01_30.png,data1\S01_35.png,482,452,482,1.991150442477876
data1\S01_30.png,data1\S01_36.png,482,500,482,0.8
data1\S01_30.png,data1\S01_37.png,482,500,482,1.8
data1\S01_30.png,data1\S01_39.png,482,361,482,1.6620498614958448
data1\S01_30.png,data1\S03_1.png,482,500,482,0.0
data1\S01_30.png,data1\S03_10.png,482,500,482,1.0
data1\S01_30.png,data1\S03_11.png,482,454,482,1.5418502202643172
data1\S01_30.png,data1\S03_12.png,482,435,482,1.3793103448275863
data1\S01_30.png,data1\S03_15.png,482,465,482,1.2903225806451613
data1\S01_30.png,data1\S03_18.png,482,500,482,1.0
data1\S01_30.png,data1\S03_22.png,482,410,482,2.4390243902439024
data1\S01_30.png,data1\S03_28.png,482,335,482,0.29850746268656714
data1\S01_30.png,data1\S03_30.png,482,298,482,1.6778523489932886
data1\S01_30.png,data1\S03_36.png,482,298,482,2.0134228187919465
data1\S01_30.png,data1\S03_40.png,482,492,482,0.2032520325203252
data1\S01_30.png,data1\S03_5.png,482,493,482,0.4056795131845842
data1\S01_30.png,data1\S03_6.png,482,500,482,0.6
data1\S01_30.png,data1\S03_7.png,482,458,482,1.5283842794759825
data1\S01_30.png,data1\S14_1.png,482,441,482,0.9070294784580499
data1\S01_30.png,data1\S14_11.png,482,388,482,2.577319587628866
data1\S01_30.png,data1\S14_19.png,482,483,482,0.4140786749482402
data1\S01_30.png,data1\S14_2.png,482,500,482,1.0
data1\S01_30.png,data1\S14_21.png,482,500,482,1.2
data1\S01_30.png,data1\S14_24.png,482,500,482,1.0
data1\S01_30.png,data1\S14_25.png,482,428,482,2.102803738317757
data1\S01_30.png,data1\S14_30.png,482,500,482,1.0
data1\S01_30.png,data1\S14_9.png,482,233,482,0.8583690987124464
data1\S01_31.png,data1\S01_0.png,500,224,500,4.017857142857143
data1\S01_31.png,data1\S01_10.png,500,500,500,0.8
data1\S01_31.png,data1\S01_14.png,500,469,500,1.279317697228145
data1\S01_31.png,data1\S01_15.png,500,460,500,0.43478260869565216
data1\S01_31.png,data1\S01_16.png,500,454,500,0.8810572687224669
data1\S01_31.png,data1\S01_21.png,500,500,500,0.8
data1\S01_31.png,data1\S01_25.png,500,469,500,0.21321961620469082
data1\S01_31.png,data1\S01_26.png,500,490,500,0.20408163265306123
data1\S01_31.png,data1\S01_27.png,500,500,500,1.2
data1\S01_31.png,data1\S01_28.png,500,475,500,1.4736842105263157
data1\S01_31.png,data1\S01_29.png,500,494,500,0.8097165991902834
data1\S01_31.png,data1\S01_30.png,500,482,500,0.8298755186721992
data1\S01_31.png,data1\S01_33.png,500,500,500,1.8
data1\S01_31.png,data1\S01_35.png,500,452,500,1.1061946902654867
data1\S01_31.png,data1\S01_36.png,500,500,500,0.8
data1\S01_31.png,data1\S01_37.png,500,500,500,0.6
data1\S01_31.png,data1\S01_39.png,500,361,500,2.4930747922437675
data1\S01_31.png,data1\S03_1.png,500,500,500,0.4
data1\S01_31.png,data1\S03_10.png,500,500,500,1.2
data1\S01_31.png,data1\S03_11.png,500,454,500,1.3215859030837005
data1\S01_31.png,data1\S03_12.png,500,435,500,2.2988505747126435
data1\S01_31.png,data1\S03_15.png,500,465,500,0.43010752688172044
data1\S01_31.png,data1\S03_18.png,500,500,500,0.6
data1\S01_31.png,data1\S03_22.png,500,410,500,1.7073170731707317
data1\S01_31.png,data1\S03_28.png,500,335,500,3.283582089552239
data1\S01_31.png,data1\S03_30.png,500,298,500,3.3557046979865772
data1\S01_31.png,data1\S03_36.png,500,298,500,0.33557046979865773
data1\S01_31.png,data1\S03_40.png,500,492,500,1.016260162601626
data1\S01_31.png,data1\S03_5.png,500,493,500,1.2170385395537526
data1\S01_31.png,data1\S03_6.png,500,500,500,0.4
data1\S01_31.png,data1\S03_7.png,500,458,500,1.965065502183406
data1\S01_31.png,data1\S14_1.png,500,441,500,0.45351473922902497
data1\S01_31.png,data1\S14_11.png,500,388,500,0.7731958762886598
data1\S01_31.png,data1\S14_19.png,500,483,500,0.4140786749482402
data1\S01_31.png,data1\S14_2.png,500,500,500,0.6
data1\S01_31.png,data1\S14_21.png,500,500,500,1.2
data1\S01_31.png,data1\S14_24.png,500,500,500,0.8
data1\S01_31.png,data1\S14_25.png,500,428,500,1.1682242990654206
data1\S01_31.png,data1\S14_30.png,500,500,500,1.4
data1\S01_31.png,data1\S14_9.png,500,233,500,1.2875536480686696
data1\S01_33.png,data1\S01_0.png,500,224,500,2.6785714285714284
data1\S01_33.png,data1\S01_10.png,500,500,500,1.0
data1\S01_33.png,data1\S01_14.png,500,469,500,1.7057569296375266
data1\S01_33.png,data1\S01_15.png,500,460,500,2.1739130434782608
data1\S01_33.png,data1\S01_16.png,500,454,500,2.4229074889867843
data1\S01_33.png,data1\S01_21.png,500,500,500,0.8
data1\S01_33.png,data1\S01_25.png,500,469,500,1.492537313432836
data1\S01_33.png,data1\S01_26.png,500,490,500,0.8163265306122449
data1\S01_33.png,data1\S01_27.png,500,500,500,1.2
data1\S01_33.png,data1\S01_28.png,500,475,500,1.4736842105263157
data1\S01_33.png,data1\S01_29.png,500,494,500,1.214574898785425
data1\S01_33.png,data1\S01_30.png,500,482,500,1.8672199170124482
data1\S01_33.png,data1\S01_31.png,500,500,500,1.4
data1\S01_33.png,data1\S01_35.png,500,452,500,1.991150442477876
data1\S01_33.png,data1\S01_36.png,500,500,500,1.6
data1\S01_33.png,data1\S01_37.png,500,500,500,1.2
data1\S01_33.png,data1\S01_39.png,500,361,500,1.3850415512465375
data1\S01_33.png,data1\S03_1.png,500,500,500,0.8
data1\S01_33.png,data1\S03_10.png,500,500,500,1.6
data1\S01_33.png,data1\S03_11.png,500,454,500,0.8810572687224669
data1\S01_33.png,data1\S03_12.png,500,435,500,0.45977011494252873
data1\S01_33.png,data1\S03_15.png,500,465,500,1.5053763440860215
data1\S01_33.png,data1\S03_18.png,500,500,500,1.6
data1\S01_33.png,data1\S03_22.png,500,410,500,2.4390243902439024
data1\S01_33.png,data1\S03_28.png,500,335,500,1.492537313432836
data1\S01_33.png,data1\S03_30.png,500,298,500,3.0201342281879193
data1\S01_33.png,data1\S03_36.png,500,298,500,1.6778523489932886
data1\S01_33.png,data1\S03_40.png,500,492,500,1.4227642276422765
data1\S01_33.png,data1\S03_5.png,500,493,500,2.028397565922921
data1\S01_33.png,data1\S03_6.png,500,500,500,0.8
data1\S01_33.png,data1\S03_7.png,500,458,500,1.091703056768559
data1\S01_33.png,data1\S14_1.png,500,441,500,0.45351473922902497
data1\S01_33.png,data1\S14_11.png,500,388,500,0.7731958762886598
data1\S01_33.png,data1\S14_19.png,500,483,500,0.4140786749482402
data1\S01_33.png,data1\S14_2.png,500,500,500,1.0
data1\S01_33.png,data1\S14_21.png,500,500,500,0.2
data1\S01_33.png,data1\S14_24.png,500,500,500,0.8
data1\S01_33.png,data1\S14_25.png,500,428,500,0.0
data1\S01_33.png,data1\S14_30.png,500,500,500,1.0
data1\S01_33.png,data1\S14_9.png,500,233,500,3.4334763948497855
data1\S01_35.png,data1\S01_0.png,452,224,452,1.7857142857142858
data1\S01_35.png,data1\S01_10.png,452,500,452,0.8
data1\S01_35.png,data1\S01_14.png,452,469,452,1.0660980810234542
data1\S01_35.png,data1\S01_15.png,452,460,452,1.5217391304347827
data1\S01_35.png,data1\S01_16.png,452,454,452,0.8810572687224669
data1\S01_35.png,data1\S01_21.png,452,500,452,0.2
data1\S01_35.png,data1\S01_25.png,452,469,452,0.6396588486140725
data1\S01_35.png,data1\S01_26.png,452,490,452,0.6122448979591837
data1\S01_35.png,data1\S01_27.png,452,500,452,1.2
data1\S01_35.png,data1\S01_28.png,452,475,452,0.21052631578947367
data1\S01_35.png,data1\S01_29.png,452,494,452,1.417004048582996
data1\S01_35.png,data1\S01_30.png,452,482,452,1.6597510373443984
data1\S01_35.png,data1\S01_31.png,452,500,452,0.4
data1\S01_35.png,data1\S01_33.png,452,500,452,0.8
data1\S01_35.png,data1\S01_36.png,452,500,452,0.4
data1\S01_35.png,data1\S01_37.png,452,500,452,0.8
data1\S01_35.png,data1\S01_39.png,452,361,452,1.10803324099723
data1\S01_35.png,data1\S03_1.png,452,500,452,0.6
data1\S01_35.png,data1\S03_10.png,452,500,452,0.8
data1\S01_35.png,data1\S03_11.png,452,454,452,1.3215859030837005
data1\S01_35.png,data1\S03_12.png,452,435,452,1.3793103448275863
data1\S01_35.png,data1\S03_15.png,452,465,452,0.21505376344086022
data1\S01_35.png,data1\S03_18.png,452,500,452,0.8
data1\S01_35.png,data1\S03_22.png,452,410,452,0.7317073170731707
data1\S01_35.png,data1\S03_28.png,452,335,452,1.791044776119403
data1\S01_35.png,data1\S03_30.png,452,298,452,2.0134228187919465
data1\S01_35.png,data1\S03_36.png,452,298,452,3.0201342281879193
data1\S01_35.png,data1\S03_40.png,452,492,452,0.6097560975609756
data1\S01_35.png,data1\S03_5.png,452,493,452,2.4340770791075053
data1\S01_35.png,data1\S03_6.png,452,500,452,0.8
data1\S01_35.png,data1\S03_7.png,452,458,452,0.8733624454148472
data1\S01_35.png,data1\S14_1.png,452,441,452,0.22675736961451248
data1\S01_35.png,data1\S14_11.png,452,388,452,0.7731958762886598
data1\S01_35.png,data1\S14_19.png,452,483,452,1.0351966873706004
data1\S01_35.png,data1\S14_2.png,452,500,452,0.8
data1\S01_35.png,data1\S14_21.png,452,500,452,0.4
data1\S01_35.png,data1\S14_24.png,452,500,452,0.6
data1\S01_35.png,data1\S14_25.png,452,428,452,0.9345794392523364
data1\S01_35.png,data1\S14_30.png,452,500,452,1.0
data1\S01_35.png,data1\S14_9.png,452,233,452,0.8583690987124464
data1\S01_36.png,data1\S01_0.png,500,224,500,1.3392857142857142
data1\S01_36.png,data1\S01_10.png,500,500,500,0.6
data1\S01_36.png,data1\S01_14.png,500,469,500,0.42643923240938164
data1\S01_36.png,data1\S01_15.png,500,460,500,0.21739130434782608
data1\S01_36.png,data1\S01_16.png,500,454,500,0.44052863436123346
data1\S01_36.png,data1\S01_21.png,500,500,500,0.2
data1\S01_36.png,data1\S01_25.png,500,469,500,0.8528784648187633
data1\S01_36.png,data1\S01_26.png,500,490,500,0.8163265306122449
data1\S01_36.png,data1\S01_27.png,500,500,500,0.8
data1\S01_36.png,data1\S01_28.png,500,475,500,0.21052631578947367
data1\S01_36.png,data1\S01_29.png,500,494,500,1.0121457489878543
data1\S01_36.png,data1\S01_30.png,500,482,500,0.4149377593360996
data1\S01_36.png,data1\S01_31.png,500,500,500,0.6
data1\S01_36.png,data1\S01_33.png,500,500,500,0.8
data1\S01_36.png,data1\S01_35.png,500,452,500,0.6637168141592921
data1\S01_36.png,data1\S01_37.png,500,500,500,0.4
data1\S01_36.png,data1\S01_39.png,500,361,500,0.554016620498615
data1\S01_36.png,data1\S03_1.png,500,500,500,0.8
data1\S01_36.png,data1\S03_10.png,500,500,500,0.8
data1\S01_36.png,data1\S03_11.png,500,454,500,0.8810572687224669
data1\S01_36.png,data1\S03_12.png,500,435,500,0.22988505747126436
data1\S01_36.png,data1\S03_15.png,500,465,500,0.43010752688172044
data1\S01_36.png,data1\S03_18.png,500,500,500,0.4
data1\S01_36.png,data1\S03_22.png,500,410,500,1.7073170731707317
data1\S01_36.png,data1\S03_28.png,500,335,500,1.791044776119403
data1\S01_36.png,data1\S03_30.png,500,298,500,2.348993288590604
data1\S01_36.png,data1\S03_36.png,500,298,500,1.342281879194631
data1\S01_36.png,data1\S03_40.png,500,492,500,0.6097560975609756
data1\S01_36.png,data1\S03_5.png,500,493,500,1.4198782961460445
data1\S01_36.png,data1\S03_6.png,500,500,500,1.0
data1\S01_36.png,data1\S03_7.png,500,458,500,0.8733624454148472
data1\S01_36.png,data1\S14_1.png,500,441,500,0.6802721088435374
data1\S01_36.png,data1\S14_11.png,500,388,500,0.7731958762886598
data1\S01_36.png,data1\S14_19.png,500,483,500,0.6211180124223602
data1\S01_36.png,data1\S14_2.png,500,500,500,0.6
data1\S01_36.png,data1\S14_21.png,500,500,500,0.6
data1\S01_36.png,data1\S14_24.png,500,500,500,1.2
data1\S01_36.png,data1\S14_25.png,500,428,500,0.9345794392523364
data1\S01_36.png,data1\S14_30.png,500,500,500,0.2
data1\S01_36.png,data1\S14_9.png,500,233,500,0.8583690987124464
data1\S01_37.png,data1\S01_0.png,500,224,500,2.232142857142857
data1\S01_37.png,data1\S01_10.png,500,500,500,0.2
data1\S01_37.png,data1\S01_14.png,500,469,500,0.42643923240938164
data1\S01_37.png,data1\S01_15.png,500,460,500,1.5217391304347827
data1\S01_37.png,data1\S01_16.png,500,454,500,1.1013215859030836
data1\S01_37.png,data1\S01_21.png,500,500,500,0.2
data1\S01_37.png,data1\S01_25.png,500,469,500,1.7057569296375266
data1\S01_37.png,data1\S01_26.png,500,490,500,0.6122448979591837
data1\S01_37.png,data1\S01_27.png,500,500,500,0.2
data1\S01_37.png,data1\S01_28.png,500,475,500,0.631578947368421
data1\S01_37.png,data1\S01_29.png,500,494,500,0.20242914979757085
data1\S01_37.png,data1\S01_30.png,500,482,500,1.2448132780082988
data1\S01_37.png,data1\S01_31.png,500,500,500,0.8
data1\S01_37.png,data1\S01_33.png,500,500,500,0.8
data1\S01_37.png,data1\S01_35.png,500,452,500,0.4424778761061947
data1\S01_37.png,data1\S01_36.png,500,500,500,1.4
data1\S01_37.png,data1\S01_39.png,500,361,500,2.21606648199446
data1\S01_37.png,data1\S03_1.png,500,500,500,1.0
data1\S01_37.png,data1\S03_10.png,500,500,500,0.6
data1\S01_37.png,data1\S03_11.png,500,454,500,0.44052863436123346
data1\S01_37.png,data1\S03_12.png,500,435,500,0.9195402298850575
data1\S01_37.png,data1\S03_15.png,500,465,500,1.075268817204301
data1\S01_37.png,data1\S03_18.png,500,500,500,0.4
data1\S01_37.png,data1\S03_22.png,500,410,500,1.7073170731707317
data1\S01_37.png,data1\S03_28.png,500,335,500,0.8955223880597015
data1\S01_37.png,data1\S03_30.png,500,298,500,4.026845637583893
data1\S01_37.png,data1\S03_36.png,500,298,500,0.6711409395973155
data1\S01_37.png,data1\S03_40.png,500,492,500,0.4065040650406504
data1\S01_37.png,data1\S03_5.png,500,493,500,0.6085192697768763
data1\S01_37.png,data1\S03_6.png,500,500,500,0.0
data1\S01_37.png,data1\S03_7.png,500,458,500,1.091703056768559
data1\S01_37.png,data1\S14_1.png,500,441,500,0.45351473922902497
data1\S01_37.png,data1\S14_11.png,500,388,500,1.5463917525773196
data1\S01_37.png,data1\S14_19.png,500,483,500,1.4492753623188406
data1\S01_37.png,data1\S14_2.png,500,500,500,1.8
data1\S01_37.png,data1\S14_21.png,500,500,500,0.4
data1\S01_37.png,data1\S14_24.png,500,500,500,0.8
data1\S01_37.png,data1\S14_25.png,500,428,500,1.1682242990654206
data1\S01_37.png,data1\S14_30.png,500,500,500,0.4
data1\S01_37.png,data1\S14_9.png,500,233,500,0.4291845493562232
data1\S01_39.png,data1\S01_0.png,361,224,361,1.7857142857142858
data1\S01_39.png,data1\S01_10.png,361,500,361,1.0
data1\S01_39.png,data1\S01_14.png,361,469,361,0.8528784648187633
data1\S01_39.png,data1\S01_15.png,361,460,361,1.0869565217391304
data1\S01_39.png,data1\S01_16.png,361,454,361,0.22026431718061673
data1\S01_39.png,data1\S01_21.png,361,500,361,1.4
data1\S01_39.png,data1\S01_25.png,361,469,361,0.8528784648187633
data1\S01_39.png,data1\S01_26.png,361,490,361,0.0
data1\S01_39.png,data1\S01_27.png,361,500,361,0.4
data1\S01_39.png,data1\S01_28.png,361,475,361,0.8421052631578947
data1\S01_39.png,data1\S01_29.png,361,494,361,0.0
data1\S01_39.png,data1\S01_30.png,361,482,361,0.2074688796680498
data1\S01_39.png,data1\S01_31.png,361,500,361,0.4
data1\S01_39.png,data1\S01_33.png,361,500,361,0.4
data1\S01_39.png,data1\S01_35.png,361,452,361,0.8849557522123894
data1\S01_39.png,data1\S01_36.png,361,500,361,0.2
data1\S01_39.png,data1\S01_37.png,361,500,361,1.2
data1\S01_39.png,data1\S03_1.png,361,500,361,0.6
data1\S01_39.png,data1\S03_10.png,361,500,361,1.0
data1\S01_39.png,data1\S03_11.png,361,454,361,0.44052863436123346
data1\S01_39.png,data1\S03_12.png,361,435,361,1.1494252873563218
data1\S01_39.png,data1\S03_15.png,361,465,361,1.7204301075268817
data1\S01_39.png,data1\S03_18.png,361,500,361,0.4
data1\S01_39.png,data1\S03_22.png,361,410,361,0.4878048780487805
data1\S01_39.png,data1\S03_28.png,361,335,361,1.492537313432836
data1\S01_39.png,data1\S03_30.png,361,298,361,2.0134228187919465
data1\S01_39.png,data1\S03_36.png,361,298,361,1.342281879194631
data1\S01_39.png,data1\S03_40.png,361,492,361,0.6097560975609756
data1\S01_39.png,data1\S03_5.png,361,493,361,1.6227180527383367
data1\S01_39.png,data1\S03_6.png,361,500,361,0.6
data1\S01_39.png,data1\S03_7.png,361,458,361,1.5283842794759825
data1\S01_39.png,data1\S14_1.png,361,441,361,0.45351473922902497
data1\S01_39.png,data1\S14_11.png,361,388,361,0.25773195876288657
data1\S01_39.png,data1\S14_19.png,361,483,361,0.6211180124223602
data1\S01_39.png,data1\S14_2.png,361,500,361,0.6
data1\S01_39.png,data1\S14_21.png,361,500,361,0.0
data1\S01_39.png,data1\S14_24.png,361,500,361,0.2
data1\S01_39.png,data1\S14_25.png,361,428,361,1.1682242990654206
data1\S01_39.png,data1\S14_30.png,361,500,361,0.8
data1\S01_39.png,data1\S14_9.png,361,233,361,0.0
data1\S03_1.png,data1\S01_0.png,500,224,500,2.6785714285714284
data1\S03_1.png,data1\S01_10.png,500,500,500,1.0
data1\S03_1.png,data1\S01_14.png,500,469,500,0.6396588486140725
data1\S03_1.png,data1\S01_15.png,500,460,500,0.8695652173913043
data1\S03_1.png,data1\S01_16.png,500,454,500,0.8810572687224669
data1\S03_1.png,data1\S01_21.png,500,500,500,0.8
data1\S03_1.png,data1\S01_25.png,500,469,500,0.0
data1\S03_1.png,data1\S01_26.png,500,490,500,1.2244897959183674
data1\S03_1.png,data1\S01_27.png,500,500,500,0.4
data1\S03_1.png,data1\S01_28.png,500,475,500,1.0526315789473684
data1\S03_1.png,data1\S01_29.png,500,494,500,1.0121457489878543
data1\S03_1.png,data1\S01_30.png,500,482,500,0.6224066390041494
data1\S03_1.png,data1\S01_31.png,500,500,500,0.2
data1\S03_1.png,data1\S01_33.png,500,500,500,0.4
data1\S03_1.png,data1\S01_35.png,500,452,500,0.4424778761061947
data1\S03_1.png,data1\S01_36.png,500,500,500,0.8
data1\S03_1.png,data1\S01_37.png,500,500,500,1.4
data1\S03_1.png,data1\S01_39.png,500,361,500,2.21606648199446
data1\S03_1.png,data1\S03_10.png,500,500,500,0.8
data1\S03_1.png,data1\S03_11.png,500,454,500,0.8810572687224669
data1\S03_1.png,data1\S03_12.png,500,435,500,1.1494252873563218
data1\S03_1.png,data1\S03_15.png,500,465,500,0.8602150537634409
data1\S03_1.png,data1\S03_18.png,500,500,500,1.2
data1\S03_1.png,data1\S03_22.png,500,410,500,0.4878048780487805
data1\S03_1.png,data1\S03_28.png,500,335,500,1.1940298507462686
data1\S03_1.png,data1\S03_30.png,500,298,500,0.0
data1\S03_1.png,data1\S03_36.png,500,298,500,3.0201342281879193
data1\S03_1.png,data1\S03_40.png,500,492,500,1.2195121951219512
data1\S03_1.png,data1\S03_5.png,500,493,500,1.0141987829614605
data1\S03_1.png,data1\S03_6.png,500,500,500,0.2
data1\S03_1.png,data1\S03_7.png,500,458,500,1.7467248908296944
data1\S03_1.png,data1\S14_1.png,500,441,500,1.1337868480725624
data1\S03_1.png,data1\S14_11.png,500,388,500,1.5463917525773196
data1\S03_1.png,data1\S14_19.png,500,483,500,0.8281573498964804
data1\S03_1.png,data1\S14_2.png,500,500,500,0.4
data1\S03_1.png,data1\S14_21.png,500,500,500,0.6
data1\S03_1.png,data1\S14_24.png,500,500,500,1.0
data1\S03_1.png,data1\S14_25.png,500,428,500,1.8691588785046729
data1\S03_1.png,data1\S14_30.png,500,500,500,1.6
data1\S03_1.png,data1\S14_9.png,500,233,500,0.0
data1\S03_10.png,data1\S01_0.png,500,224,500,1.3392857142857142
data1\S03_10.png,data1\S01_10.png,500,500,500,1.4
data1\S03_10.png,data1\S01_14.png,500,469,500,1.492537313432836
data1\S03_10.png,data1\S01_15.png,500,460,500,1.3043478260869565
data1\S03_10.png,data1\S01_16.png,500,454,500,1.1013215859030836
data1\S03_10.png,data1\S01_21.png,500,500,500,0.4
data1\S03_10.png,data1\S01_25.png,500,469,500,0.42643923240938164
data1\S03_10.png,data1\S01_26.png,500,490,500,0.6122448979591837
data1\S03_10.png,data1\S01_27.png,500,500,500,0.8
data1\S03_10.png,data1\S01_28.png,500,475,500,1.0526315789473684
data1\S03_10.png,data1\S01_29.png,500,494,500,1.214574898785425
data1\S03_10.png,data1\S01_30.png,500,482,500,0.6224066390041494
data1\S03_10.png,data1\S01_31.png,500,500,500,0.0
data1\S03_10.png,data1\S01_33.png,500,500,500,0.8
data1\S03_10.png,data1\S01_35.png,500,452,500,1.3274336283185841
data1\S03_10.png,data1\S01_36.png,500,500,500,0.4
data1\S03_10.png,data1\S01_37.png,500,500,500,1.0
data1\S03_10.png,data1\S01_39.png,500,361,500,1.3850415512465375
data1\S03_10.png,data1\S03_1.png,500,500,500,0.6
data1\S03_10.png,data1\S03_11.png,500,454,500,0.8810572687224669
data1\S03_10.png,data1\S03_12.png,500,435,500,0.9195402298850575
data1\S03_10.png,data1\S03_15.png,500,465,500,0.6451612903225806
data1\S03_10.png,data1\S03_18.png,500,500,500,0.2
data1\S03_10.png,data1\S03_22.png,500,410,500,1.7073170731707317
data1\S03_10.png,data1\S03_28.png,500,335,500,1.492537313432836
data1\S03_10.png,data1\S03_30.png,500,298,500,1.6778523489932886
data1\S03_10.png,data1\S03_36.png,500,298,500,2.0134228187919465
data1\S03_10.png,data1\S03_40.png,500,492,500,1.016260162601626
data1\S03_10.png,data1\S03_5.png,500,493,500,1.4198782961460445
data1\S03_10.png,data1\S03_6.png,500,500,500,0.6
data1\S03_10.png,data1\S03_7.png,500,458,500,0.2183406113537118
data1\S03_10.png,data1\S14_1.png,500,441,500,0.22675736961451248
data1\S03_10.png,data1\S14_11.png,500,388,500,0.7731958762886598
data1\S03_10.png,data1\S14_19.png,500,483,500,1.0351966873706004
data1\S03_10.png,data1\S14_2.png,500,500,500,1.6
data1\S03_10.png,data1\S14_21.png,500,500,500,1.6
data1\S03_10.png,data1\S14_24.png,500,500,500,0.6
data1\S03_10.png,data1\S14_25.png,500,428,500,0.9345794392523364
data1\S03_10.png,data1\S14_30.png,500,500,500,0.4
data1\S03_10.png,data1\S14_9.png,500,233,500,1.2875536480686696
data1\S03_11.png,data1\S01_0.png,454,224,454,1.3392857142857142
data1\S03_11.png,data1\S01_10.png,454,500,454,0.4
data1\S03_11.png,data1\S01_14.png,454,469,454,0.0
data1\S03_11.png,data1\S01_15.png,454,460,454,0.6521739130434783
data1\S03_11.png,data1\S01_16.png,454,454,454,1.1013215859030836
data1\S03_11.png,data1\S01_21.png,454,500,454,0.8
data1\S03_11.png,data1\S01_25.png,454,469,454,1.0660980810234542
data1\S03_11.png,data1\S01_26.png,454,490,454,0.8163265306122449
data1\S03_11.png,data1\S01_27.png,454,500,454,1.0
data1\S03_11.png,data1\S01_28.png,454,475,454,1.263157894736842
data1\S03_11.png,data1\S01_29.png,454,494,454,0.8097165991902834
data1\S03_11.png,data1\S01_30.png,454,482,454,1.037344398340249
data1\S03_11.png,data1\S01_31.png,454,500,454,1.4
data1\S03_11.png,data1\S01_33.png,454,500,454,1.0
data1\S03_11.png,data1\S01_35.png,454,452,454,1.3274336283185841
data1\S03_11.png,data1\S01_36.png,454,500,454,1.0
data1\S03_11.png,data1\S01_37.png,454,500,454,0.6
data1\S03_11.png,data1\S01_39.png,454,361,454,0.554016620498615
data1\S03_11.png,data1\S03_1.png,454,500,454,1.2
data1\S03_11.png,data1\S03_10.png,454,500,454,1.0
data1\S03_11.png,data1\S03_12.png,454,435,454,0.9195402298850575
data1\S03_11.png,data1\S03_15.png,454,465,454,1.075268817204301
data1\S03_11.png,data1\S03_18.png,454,500,454,0.8
data1\S03_11.png,data1\S03_22.png,454,410,454,0.975609756097561
data1\S03_11.png,data1\S03_28.png,454,335,454,2.6865671641791047
data1\S03_11.png,data1\S03_30.png,454,298,454,1.6778523489932886
data1\S03_11.png,data1\S03_36.png,454,298,454,1.342281879194631
data1\S03_11.png,data1\S03_40.png,454,492,454,0.8130081300813008
data1\S03_11.png,data1\S03_5.png,454,493,454,1.2170385395537526
data1\S03_11.png,data1\S03_6.png,454,500,454,1.4
data1\S03_11.png,data1\S03_7.png,454,458,454,0.0
data1\S03_11.png,data1\S14_1.png,454,441,454,0.9070294784580499
data1\S03_11.png,data1\S14_11.png,454,388,454,1.0309278350515463
data1\S03_11.png,data1\S14_19.png,454,483,454,1.0351966873706004
data1\S03_11.png,data1\S14_2.png,454,500,454,0.2
data1\S03_11.png,data1\S14_21.png,454,500,454,1.0
data1\S03_11.png,data1\S14_24.png,454,500,454,0.6
data1\S03_11.png,data1\S14_25.png,454,428,454,0.9345794392523364
data1\S03_11.png,data1\S14_30.png,454,500,454,0.8
data1\S03_11.png,data1\S14_9.png,454,233,454,0.8583690987124464
data1\S03_12.png,data1\S01_0.png,435,224,435,2.232142857142857
data1\S03_12.png,data1\S01_10.png,435,500,435,0.4
data1\S03_12.png,data1\S01_14.png,435,469,435,1.279317697228145
data1\S03_12.png,data1\S01_15.png,435,460,435,0.21739130434782608
data1\S03_12.png,data1\S01_16.png,435,454,435,0.6607929515418502
data1\S03_12.png,data1\S01_21.png,435,500,435,0.2
data1\S03_12.png,data1\S01_25.png,435,469,435,0.21321961620469082
data1\S03_12.png,data1\S01_26.png,435,490,435,0.6122448979591837
data1\S03_12.png,data1\S01_27.png,435,500,435,0.0
data1\S03_12.png,data1\S01_28.png,435,475,435,1.263157894736842
data1\S03_12.png,data1\S01_29.png,435,494,435,0.8097165991902834
data1\S03_12.png,data1\S01_30.png,435,482,435,0.2074688796680498
data1\S03_12.png,data1\S01_31.png,435,500,435,0.6
data1\S03_12.png,data1\S01_33.png,435,500,435,0.6
data1\S03_12.png,data1\S01_35.png,435,452,435,0.6637168141592921
data1\S03_12.png,data1\S01_36.png,435,500,435,0.2
data1\S03_12.png,data1\S01_37.png,435,500,435,0.4
data1\S03_12.png,data1\S01_39.png,435,361,435,1.3850415512465375
data1\S03_12.png,data1\S03_1.png,435,500,435,1.4
data1\S03_12.png,data1\S03_10.png,435,500,435,1.0
data1\S03_12.png,data1\S03_11.png,435,454,435,1.1013215859030836
data1\S03_12.png,data1\S03_15.png,435,465,435,1.075268817204301
data1\S03_12.png,data1\S03_18.png,435,500,435,1.2
data1\S03_12.png,data1\S03_22.png,435,410,435,0.4878048780487805
data1\S03_12.png,data1\S03_28.png,435,335,435,2.08955223880597
data1\S03_12.png,data1\S03_30.png,435,298,435,2.0134228187919465
data1\S03_12.png,data1\S03_36.png,435,298,435,0.6711409395973155
data1\S03_12.png,data1\S03_40.png,435,492,435,0.8130081300813008
data1\S03_12.png,data1\S03_5.png,435,493,435,0.8113590263691683
data1\S03_12.png,data1\S03_6.png,435,500,435,0.8
data1\S03_12.png,data1\S03_7.png,435,458,435,0.4366812227074236
data1\S03_12.png,data1\S14_1.png,435,441,435,0.45351473922902497
data1\S03_12.png,data1\S14_11.png,435,388,435,1.8041237113402062
data1\S03_12.png,data1\S14_19.png,435,483,435,1.0351966873706004
data1\S03_12.png,data1\S14_2.png,435,500,435,0.8
data1\S03_12.png,data1\S14_21.png,435,500,435,0.4
data1\S03_12.png,data1\S14_24.png,435,500,435,1.2
data1\S03_12.png,data1\S14_25.png,435,428,435,1.1682242990654206
data1\S03_12.png,data1\S14_30.png,435,500,435,0.4
data1\S03_12.png,data1\S14_9.png,435,233,435,0.8583690987124464
data1\S03_15.png,data1\S01_0.png,465,224,465,1.7857142857142858
data1\S03_15.png,data1\S01_10.png,465,500,465,0.8
data1\S03_15.png,data1\S01_14.png,465,469,465,0.8528784648187633
data1\S03_15.png,data1\S01_15.png,465,460,465,0.43478260869565216
data1\S03_15.png,data1\S01_16.png,465,454,465,1.1013215859030836
data1\S03_15.png,data1\S01_21.png,465,500,465,1.0
data1\S03_15.png,data1\S01_25.png,465,469,465,0.42643923240938164
data1\S03_15.png,data1\S01_26.png,465,490,465,1.4285714285714286
data1\S03_15.png,data1\S01_27.png,465,500,465,0.6
data1\S03_15.png,data1\S01_28.png,465,475,465,0.631578947368421
data1\S03_15.png,data1\S01_29.png,465,494,465,0.6072874493927125
data1\S03_15.png,data1\S01_30.png,465,482,465,0.6224066390041494
data1\S03_15.png,data1\S01_31.png,465,500,465,0.4
data1\S03_15.png,data1\S01_33.png,465,500,465,1.0
data1\S03_15.png,data1\S01_35.png,465,452,465,1.1061946902654867
data1\S03_15.png,data1\S01_36.png,465,500,465,0.8
data1\S03_15.png,data1\S01_37.png,465,500,465,0.6
data1\S03_15.png,data1\S01_39.png,465,361,465,2.4930747922437675
data1\S03_15.png,data1\S03_1.png,465,500,465,1.0
data1\S03_15.png,data1\S03_10.png,465,500,465,0.4
data1\S03_15.png,data1\S03_11.png,465,454,465,2.4229074889867843
data1\S03_15.png,data1\S03_12.png,465,435,465,2.2988505747126435
data1\S03_15.png,data1\S03_18.png,465,500,465,0.2
data1\S03_15.png,data1\S03_22.png,465,410,465,1.7073170731707317
data1\S03_15.png,data1\S03_28.png,465,335,465,1.492537313432836
data1\S03_15.png,data1\S03_30.png,465,298,465,1.0067114093959733
data1\S03_15.png,data1\S03_36.png,465,298,465,0.6711409395973155
data1\S03_15.png,data1\S03_40.png,465,492,465,0.4065040650406504
data1\S03_15.png,data1\S03_5.png,465,493,465,0.6085192697768763
data1\S03_15.png,data1\S03_6.png,465,500,465,2.0
data1\S03_15.png,data1\S03_7.png,465,458,465,0.8733624454148472
data1\S03_15.png,data1\S14_1.png,465,441,465,0.6802721088435374
data1\S03_15.png,data1\S14_11.png,465,388,465,0.5154639175257731
data1\S03_15.png,data1\S14_19.png,465,483,465,1.0351966873706004
data1\S03_15.png,data1\S14_2.png,465,500,465,1.2
data1\S03_15.png,data1\S14_21.png,465,500,465,1.0
data1\S03_15.png,data1\S14_24.png,465,500,465,0.8
data1\S03_15.png,data1\S14_25.png,465,428,465,0.9345794392523364
data1\S03_15.png,data1\S14_30.png,465,500,465,0.4
data1\S03_15.png,data1\S14_9.png,465,233,465,1.2875536480686696
data1\S03_18.png,data1\S01_0.png,500,224,500,0.0
data1\S03_18.png,data1\S01_10.png,500,500,500,1.2
data1\S03_18.png,data1\S01_14.png,500,469,500,1.0660980810234542
data1\S03_18.png,data1\S01_15.png,500,460,500,0.6521739130434783
data1\S03_18.png,data1\S01_16.png,500,454,500,1.3215859030837005
data1\S03_18.png,data1\S01_21.png,500,500,500,0.6
data1\S03_18.png,data1\S01_25.png,500,469,500,0.42643923240938164
data1\S03_18.png,data1\S01_26.png,500,490,500,1.0204081632653061
data1\S03_18.png,data1\S01_27.png,500,500,500,0.8
data1\S03_18.png,data1\S01_28.png,500,475,500,0.42105263157894735
data1\S03_18.png,data1\S01_29.png,500,494,500,0.6072874493927125
data1\S03_18.png,data1\S01_30.png,500,482,500,0.6224066390041494
data1\S03_18.png,data1\S01_31.png,500,500,500,0.6
data1\S03_18.png,data1\S01_33.png,500,500,500,0.6
data1\S03_18.png,data1\S01_35.png,500,452,500,1.3274336283185841
data1\S03_18.png,data1\S01_36.png,500,500,500,0.8
data1\S03_18.png,data1\S01_37.png,500,500,500,1.0
data1\S03_18.png,data1\S01_39.png,500,361,500,1.6620498614958448
data1\S03_18.png,data1\S03_1.png,500,500,500,0.8
data1\S03_18.png,data1\S03_10.png,500,500,500,0.4
data1\S03_18.png,data1\S03_11.png,500,454,500,0.8810572687224669
data1\S03_18.png,data1\S03_12.png,500,435,500,1.1494252873563218
data1\S03_18.png,data1\S03_15.png,500,465,500,0.8602150537634409
data1\S03_18.png,data1\S03_22.png,500,410,500,0.4878048780487805
data1\S03_18.png,data1\S03_28.png,500,335,500,0.5970149253731343
data1\S03_18.png,data1\S03_30.png,500,298,500,3.0201342281879193
data1\S03_18.png,data1\S03_36.png,500,298,500,2.684563758389262
data1\S03_18.png,data1\S03_40.png,500,492,500,1.016260162601626
data1\S03_18.png,data1\S03_5.png,500,493,500,0.4056795131845842
data1\S03_18.png,data1\S03_6.png,500,500,500,0.6
data1\S03_18.png,data1\S03_7.png,500,458,500,1.7467248908296944
data1\S03_18.png,data1\S14_1.png,500,441,500,1.5873015873015872
data1\S03_18.png,data1\S14_11.png,500,388,500,1.0309278350515463
data1\S03_18.png,data1\S14_19.png,500,483,500,0.6211180124223602
data1\S03_18.png,data1\S14_2.png,500,500,500,0.4
data1\S03_18.png,data1\S14_21.png,500,500,500,1.0
data1\S03_18.png,data1\S14_24.png,500,500,500,0.4
data1\S03_18.png,data1\S14_25.png,500,428,500,0.4672897196261682
data1\S03_18.png,data1\S14_30.png,500,500,500,1.8
data1\S03_18.png,data1\S14_9.png,500,233,500,1.2875536480686696
data1\S03_22.png,data1\S01_0.png,410,224,410,2.6785714285714284
data1\S03_22.png,data1\S01_10.png,410,500,410,0.8
data1\S03_22.png,data1\S01_14.png,410,469,410,1.0660980810234542
data1\S03_22.png,data1\S01_15.png,410,460,410,0.8695652173913043
data1\S03_22.png,data1\S01_16.png,410,454,410,1.1013215859030836
data1\S03_22.png,data1\S01_21.png,410,500,410,0.4
data1\S03_22.png,data1\S01_25.png,410,469,410,1.279317697228145
data1\S03_22.png,data1\S01_26.png,410,490,410,1.4285714285714286
data1\S03_22.png,data1\S01_27.png,410,500,410,1.2
data1\S03_22.png,data1\S01_28.png,410,475,410,2.1052631578947367
data1\S03_22.png,data1\S01_29.png,410,494,410,0.4048582995951417
data1\S03_22.png,data1\S01_30.png,410,482,410,0.4149377593360996
data1\S03_22.png,data1\S01_31.png,410,500,410,1.0
data1\S03_22.png,data1\S01_33.png,410,500,410,0.2
data1\S03_22.png,data1\S01_35.png,410,452,410,1.3274336283185841
data1\S03_22.png,data1\S01_36.png,410,500,410,1.2
data1\S03_22.png,data1\S01_37.png,410,500,410,1.4
data1\S03_22.png,data1\S01_39.png,410,361,410,0.554016620498615
data1\S03_22.png,data1\S03_1.png,410,500,410,0.2
data1\S03_22.png,data1\S03_10.png,410,500,410,0.8
data1\S03_22.png,data1\S03_11.png,410,454,410,0.8810572687224669
data1\S03_22.png,data1\S03_12.png,410,435,410,0.9195402298850575
data1\S03_22.png,data1\S03_15.png,410,465,410,0.43010752688172044
data1\S03_22.png,data1\S03_18.png,410,500,410,1.2
data1\S03_22.png,data1\S03_28.png,410,335,410,2.08955223880597
data1\S03_22.png,data1\S03_30.png,410,298,410,1.6778523489932886
data1\S03_22.png,data1\S03_36.png,410,298,410,0.33557046979865773
data1\S03_22.png,data1\S03_40.png,410,492,410,0.4065040650406504
data1\S03_22.png,data1\S03_5.png,410,493,410,0.6085192697768763
data1\S03_22.png,data1\S03_6.png,410,500,410,0.6
data1\S03_22.png,data1\S03_7.png,410,458,410,0.8733624454148472
data1\S03_22.png,data1\S14_1.png,410,441,410,0.6802721088435374
data1\S03_22.png,data1\S14_11.png,410,388,410,0.25773195876288657
data1\S03_22.png,data1\S14_19.png,410,483,410,1.2422360248447204
data1\S03_22.png,data1\S14_2.png,410,500,410,0.2
data1\S03_22.png,data1\S14_21.png,410,500,410,0.2
data1\S03_22.png,data1\S14_24.png,410,500,410,1.0
data1\S03_22.png,data1\S14_25.png,410,428,410,0.7009345794392523
data1\S03_22.png,data1\S14_30.png,410,500,410,0.4
data1\S03_22.png,data1\S14_9.png,410,233,410,1.7167381974248928
data1\S03_28.png,data1\S01_0.png,335,224,335,2.6785714285714284
data1\S03_28.png,data1\S01_10.png,335,500,335,1.2
data1\S03_28.png,data1\S01_14.png,335,469,335,1.279317697228145
data1\S03_28.png,data1\S01_15.png,335,460,335,0.6521739130434783
data1\S03_28.png,data1\S01_16.png,335,454,335,1.1013215859030836
data1\S03_28.png,data1\S01_21.png,335,500,335,0.6
data1\S03_28.png,data1\S01_25.png,335,469,335,0.6396588486140725
data1\S03_28.png,data1\S01_26.png,335,490,335,0.20408163265306123
data1\S03_28.png,data1\S01_27.png,335,500,335,0.4
data1\S03_28.png,data1\S01_28.png,335,475,335,0.8421052631578947
data1\S03_28.png,data1\S01_29.png,335,494,335,0.4048582995951417
data1\S03_28.png,data1\S01_30.png,335,482,335,0.6224066390041494
data1\S03_28.png,data1\S01_31.png,335,500,335,0.4
data1\S03_28.png,data1\S01_33.png,335,500,335,0.8
data1\S03_28.png,data1\S01_35.png,335,452,335,1.991150442477876
data1\S03_28.png,data1\S01_36.png,335,500,335,0.6
data1\S03_28.png,data1\S01_37.png,335,500,335,0.4
data1\S03_28.png,data1\S01_39.png,335,361,335,1.3850415512465375
data1\S03_28.png,data1\S03_1.png,335,500,335,0.2
data1\S03_28.png,data1\S03_10.png,335,500,335,0.6
data1\S03_28.png,data1\S03_11.png,335,454,335,0.44052863436123346
data1\S03_28.png,data1\S03_12.png,335,435,335,0.9195402298850575
data1\S03_28.png,data1\S03_15.png,335,465,335,0.6451612903225806
data1\S03_28.png,data1\S03_18.png,335,500,335,0.2
data1\S03_28.png,data1\S03_22.png,335,410,335,2.682926829268293
data1\S03_28.png,data1\S03_30.png,335,298,335,1.6778523489932886
data1\S03_28.png,data1\S03_36.png,335,298,335,0.33557046979865773
data1\S03_28.png,data1\S03_40.png,335,492,335,1.016260162601626
data1\S03_28.png,data1\S03_5.png,335,493,335,0.0
data1\S03_28.png,data1\S03_6.png,335,500,335,0.6
data1\S03_28.png,data1\S03_7.png,335,458,335,1.5283842794759825
data1\S03_28.png,data1\S14_1.png,335,441,335,0.22675736961451248
data1\S03_28.png,data1\S14_11.png,335,388,335,0.7731958762886598
data1\S03_28.png,data1\S14_19.png,335,483,335,0.4140786749482402
data1\S03_28.png,data1\S14_2.png,335,500,335,1.4
data1\S03_28.png,data1\S14_21.png,335,500,335,0.8
data1\S03_28.png,data1\S14_24.png,335,500,335,0.4
data1\S03_28.png,data1\S14_25.png,335,428,335,0.4672897196261682
data1\S03_28.png,data1\S14_30.png,335,500,335,0.2
data1\S03_28.png,data1\S14_9.png,335,233,335,1.7167381974248928
data1\S03_30.png,data1\S01_0.png,298,224,298,2.232142857142857
data1\S03_30.png,data1\S01_10.png,298,500,298,0.6
data1\S03_30.png,data1\S01_14.png,298,469,298,0.42643923240938164
data1\S03_30.png,data1\S01_15.png,298,460,298,0.43478260869565216
data1\S03_30.png,data1\S01_16.png,298,454,298,0.22026431718061673
data1\S03_30.png,data1\S01_21.png,298,500,298,0.8
data1\S03_30.png,data1\S01_25.png,298,469,298,0.6396588486140725
data1\S03_30.png,data1\S01_26.png,298,490,298,0.40816326530612246
data1\S03_30.png,data1\S01_27.png,298,500,298,0.4
data1\S03_30.png,data1\S01_28.png,298,475,298,0.8421052631578947
data1\S03_30.png,data1\S01_29.png,298,494,298,1.0121457489878543
data1\S03_30.png,data1\S01_30.png,298,482,298,0.6224066390041494
data1\S03_30.png,data1\S01_31.png,298,500,298,0.6
data1\S03_30.png,data1\S01_33.png,298,500,298,0.4
data1\S03_30.png,data1\S01_35.png,298,452,298,0.4424778761061947
data1\S03_30.png,data1\S01_36.png,298,500,298,0.4
data1\S03_30.png,data1\S01_37.png,298,500,298,1.0
data1\S03_30.png,data1\S01_39.png,298,361,298,1.3850415512465375
data1\S03_30.png,data1\S03_1.png,298,500,298,0.4
data1\S03_30.png,data1\S03_10.png,298,500,298,0.2
data1\S03_30.png,data1\S03_11.png,298,454,298,0.6607929515418502
data1\S03_30.png,data1\S03_12.png,298,435,298,0.9195402298850575
data1\S03_30.png,data1\S03_15.png,298,465,298,0.6451612903225806
data1\S03_30.png,data1\S03_18.png,298,500,298,0.6
data1\S03_30.png,data1\S03_22.png,298,410,298,0.24390243902439024
data1\S03_30.png,data1\S03_28.png,298,335,298,0.0
data1\S03_30.png,data1\S03_36.png,298,298,298,0.6711409395973155
data1\S03_30.png,data1\S03_40.png,298,492,298,0.4065040650406504
data1\S03_30.png,data1\S03_5.png,298,493,298,0.4056795131845842
data1\S03_30.png,data1\S03_6.png,298,500,298,0.8
data1\S03_30.png,data1\S03_7.png,298,458,298,0.4366812227074236
data1\S03_30.png,data1\S14_1.png,298,441,298,0.9070294784580499
data1\S03_30.png,data1\S14_11.png,298,388,298,0.7731958762886598
data1\S03_30.png,data1\S14_19.png,298,483,298,0.6211180124223602
data1\S03_30.png,data1\S14_2.png,298,500,298,0.6
data1\S03_30.png,data1\S14_21.png,298,500,298,0.4
data1\S03_30.png,data1\S14_24.png,298,500,298,0.4
data1\S03_30.png,data1\S14_25.png,298,428,298,0.0
data1\S03_30.png,data1\S14_30.png,298,500,298,0.4
data1\S03_30.png,data1\S14_9.png,298,233,298,0.4291845493562232
data1\S03_36.png,data1\S01_0.png,298,224,298,0.8928571428571429
data1\S03_36.png,data1\S01_10.png,298,500,298,0.4
data1\S03_36.png,data1\S01_14.png,298,469,298,0.21321961620469082
data1\S03_36.png,data1\S01_15.png,298,460,298,1.0869565217391304
data1\S03_36.png,data1\S01_16.png,298,454,298,0.8810572687224669
data1\S03_36.png,data1\S01_21.png,298,500,298,1.0
data1\S03_36.png,data1\S01_25.png,298,469,298,0.6396588486140725
data1\S03_36.png,data1\S01_26.png,298,490,298,0.0
data1\S03_36.png,data1\S01_27.png,298,500,298,0.2
data1\S03_36.png,data1\S01_28.png,298,475,298,0.42105263157894735
data1\S03_36.png,data1\S01_29.png,298,494,298,0.20242914979757085
data1\S03_36.png,data1\S01_30.png,298,482,298,0.2074688796680498
data1\S03_36.png,data1\S01_31.png,298,500,298,0.2
data1\S03_36.png,data1\S01_33.png,298,500,298,0.8
data1\S03_36.png,data1\S01_35.png,298,452,298,0.8849557522123894
data1\S03_36.png,data1\S01_36.png,298,500,298,0.8
data1\S03_36.png,data1\S01_37.png,298,500,298,0.6
data1\S03_36.png,data1\S01_39.png,298,361,298,0.2770083102493075
data1\S03_36.png,data1\S03_1.png,298,500,298,0.6
data1\S03_36.png,data1\S03_10.png,298,500,298,0.4
data1\S03_36.png,data1\S03_11.png,298,454,298,0.0
data1\S03_36.png,data1\S03_12.png,298,435,298,0.6896551724137931
data1\S03_36.png,data1\S03_15.png,298,465,298,0.6451612903225806
data1\S03_36.png,data1\S03_18.png,298,500,298,1.0
data1\S03_36.png,data1\S03_22.png,298,410,298,0.4878048780487805
data1\S03_36.png,data1\S03_28.png,298,335,298,0.8955223880597015
data1\S03_36.png,data1\S03_30.png,298,298,298,0.6711409395973155
data1\S03_36.png,data1\S03_40.png,298,492,298,0.2032520325203252
data1\S03_36.png,data1\S03_5.png,298,493,298,0.6085192697768763
data1\S03_36.png,data1\S03_6.png,298,500,298,1.0
data1\S03_36.png,data1\S03_7.png,298,458,298,1.091703056768559
data1\S03_36.png,data1\S14_1.png,298,441,298,0.22675736961451248
data1\S03_36.png,data1\S14_11.png,298,388,298,0.5154639175257731
data1\S03_36.png,data1\S14_19.png,298,483,298,0.6211180124223602
data1\S03_36.png,data1\S14_2.png,298,500,298,0.0
data1\S03_36.png,data1\S14_21.png,298,500,298,0.0
data1\S03_36.png,data1\S14_24.png,298,500,298,0.4
data1\S03_36.png,data1\S14_25.png,298,428,298,0.9345794392523364
data1\S03_36.png,data1\S14_30.png,298,500,298,0.4
data1\S03_36.png,data1\S14_9.png,298,233,298,1.2875536480686696
data1\S03_40.png,data1\S01_0.png,492,224,492,3.5714285714285716
data1\S03_40.png,data1\S01_10.png,492,500,492,0.8
data1\S03_40.png,data1\S01_14.png,492,469,492,1.0660980810234542
data1\S03_40.png,data1\S01_15.png,492,460,492,1.3043478260869565
data1\S03_40.png,data1\S01_16.png,492,454,492,0.8810572687224669
data1\S03_40.png,data1\S01_21.png,492,500,492,0.4
data1\S03_40.png,data1\S01_25.png,492,469,492,0.42643923240938164
data1\S03_40.png,data1\S01_26.png,492,490,492,0.40816326530612246
data1\S03_40.png,data1\S01_27.png,492,500,492,0.6
data1\S03_40.png,data1\S01_28.png,492,475,492,2.1052631578947367
data1\S03_40.png,data1\S01_29.png,492,494,492,1.214574898785425
data1\S03_40.png,data1\S01_30.png,492,482,492,0.6224066390041494
data1\S03_40.png,data1\S01_31.png,492,500,492,1.2
data1\S03_40.png,data1\S01_33.png,492,500,492,2.0
data1\S03_40.png,data1\S01_35.png,492,452,492,0.6637168141592921
data1\S03_40.png,data1\S01_36.png,492,500,492,0.6
data1\S03_40.png,data1\S01_37.png,492,500,492,0.8
data1\S03_40.png,data1\S01_39.png,492,361,492,0.554016620498615
data1\S03_40.png,data1\S03_1.png,492,500,492,1.0
data1\S03_40.png,data1\S03_10.png,492,500,492,1.6
data1\S03_40.png,data1\S03_11.png,492,454,492,1.7621145374449338
data1\S03_40.png,data1\S03_12.png,492,435,492,1.1494252873563218
data1\S03_40.png,data1\S03_15.png,492,465,492,0.6451612903225806
data1\S03_40.png,data1\S03_18.png,492,500,492,1.6
data1\S03_40.png,data1\S03_22.png,492,410,492,0.975609756097561
data1\S03_40.png,data1\S03_28.png,492,335,492,1.1940298507462686
data1\S03_40.png,data1\S03_30.png,492,298,492,3.0201342281879193
data1\S03_40.png,data1\S03_36.png,492,298,492,2.684563758389262
data1\S03_40.png,data1\S03_5.png,492,493,492,1.0141987829614605
data1\S03_40.png,data1\S03_6.png,492,500,492,1.2
data1\S03_40.png,data1\S03_7.png,492,458,492,0.0
data1\S03_40.png,data1\S14_1.png,492,441,492,0.9070294784580499
data1\S03_40.png,data1\S14_11.png,492,388,492,1.288659793814433
data1\S03_40.png,data1\S14_19.png,492,483,492,1.2422360248447204
data1\S03_40.png,data1\S14_2.png,492,500,492,0.2
data1\S03_40.png,data1\S14_21.png,492,500,492,1.4
data1\S03_40.png,data1\S14_24.png,492,500,492,1.6
data1\S03_40.png,data1\S14_25.png,492,428,492,0.7009345794392523
data1\S03_40.png,data1\S14_30.png,492,500,492,1.0
data1\S03_40.png,data1\S14_9.png,492,233,492,1.2875536480686696
data1\S03_5.png,data1\S01_0.png,493,224,493,1.3392857142857142
data1\S03_5.png,data1\S01_10.png,493,500,493,0.6
data1\S03_5.png,data1\S01_14.png,493,469,493,0.6396588486140725
data1\S03_5.png,data1\S01_15.png,493,460,493,1.9565217391304348
data1\S03_5.png,data1\S01_16.png,493,454,493,0.44052863436123346
data1\S03_5.png,data1\S01_21.png,493,500,493,0.2
data1\S03_5.png,data1\S01_25.png,493,469,493,1.0660980810234542
data1\S03_5.png,data1\S01_26.png,493,490,493,0.40816326530612246
data1\S03_5.png,data1\S01_27.png,493,500,493,0.2
data1\S03_5.png,data1\S01_28.png,493,475,493,0.42105263157894735
data1\S03_5.png,data1\S01_29.png,493,494,493,0.6072874493927125
data1\S03_5.png,data1\S01_30.png,493,482,493,0.6224066390041494
data1\S03_5.png,data1\S01_31.png,493,500,493,0.6
data1\S03_5.png,data1\S01_33.png,493,500,493,1.0
data1\S03_5.png,data1\S01_35.png,493,452,493,1.5486725663716814
data1\S03_5.png,data1\S01_36.png,493,500,493,0.4
data1\S03_5.png,data1\S01_37.png,493,500,493,0.8
data1\S03_5.png,data1\S01_39.png,493,361,493,0.8310249307479224
data1\S03_5.png,data1\S03_1.png,493,500,493,1.0
data1\S03_5.png,data1\S03_10.png,493,500,493,0.6
data1\S03_5.png,data1\S03_11.png,493,454,493,0.44052863436123346
data1\S03_5.png,data1\S03_12.png,493,435,493,0.0
data1\S03_5.png,data1\S03_15.png,493,465,493,0.6451612903225806
data1\S03_5.png,data1\S03_18.png,493,500,493,1.2
data1\S03_5.png,data1\S03_22.png,493,410,493,1.4634146341463414
data1\S03_5.png,data1\S03_28.png,493,335,493,1.791044776119403
data1\S03_5.png,data1\S03_30.png,493,298,493,0.6711409395973155
data1\S03_5.png,data1\S03_36.png,493,298,493,0.0
data1\S03_5.png,data1\S03_40.png,493,492,493,1.016260162601626
data1\S03_5.png,data1\S03_6.png,493,500,493,1.0
data1\S03_5.png,data1\S03_7.png,493,458,493,0.6550218340611353
data1\S03_5.png,data1\S14_1.png,493,441,493,0.9070294784580499
data1\S03_5.png,data1\S14_11.png,493,388,493,0.5154639175257731
data1\S03_5.png,data1\S14_19.png,493,483,493,1.0351966873706004
data1\S03_5.png,data1\S14_2.png,493,500,493,1.0
data1\S03_5.png,data1\S14_21.png,493,500,493,0.4
data1\S03_5.png,data1\S14_24.png,493,500,493,1.4
data1\S03_5.png,data1\S14_25.png,493,428,493,1.4018691588785046
data1\S03_5.png,data1\S14_30.png,493,500,493,0.4
data1\S03_5.png,data1\S14_9.png,493,233,493,0.4291845493562232
data1\S03_6.png,data1\S01_0.png,500,224,500,1.7857142857142858
data1\S03_6.png,data1\S01_10.png,500,500,500,1.6
data1\S03_6.png,data1\S01_14.png,500,469,500,1.0660980810234542
data1\S03_6.png,data1\S01_15.png,500,460,500,0.21739130434782608
data1\S03_6.png,data1\S01_16.png,500,454,500,0.44052863436123346
data1\S03_6.png,data1\S01_21.png,500,500,500,0.6
data1\S03_6.png,data1\S01_25.png,500,469,500,0.6396588486140725
data1\S03_6.png,data1\S01_26.png,500,490,500,0.40816326530612246
data1\S03_6.png,data1\S01_27.png,500,500,500,0.6
data1\S03_6.png,data1\S01_28.png,500,475,500,1.263157894736842
data1\S03_6.png,data1\S01_29.png,500,494,500,0.6072874493927125
data1\S03_6.png,data1\S01_30.png,500,482,500,0.4149377593360996
data1\S03_6.png,data1\S01_31.png,500,500,500,0.8
data1\S03_6.png,data1\S01_33.png,500,500,500,1.4
data1\S03_6.png,data1\S01_35.png,500,452,500,1.3274336283185841
data1\S03_6.png,data1\S01_36.png,500,500,500,0.4
data1\S03_6.png,data1\S01_37.png,500,500,500,1.4
data1\S03_6.png,data1\S01_39.png,500,361,500,0.8310249307479224
data1\S03_6.png,data1\S03_1.png,500,500,500,1.2
data1\S03_6.png,data1\S03_10.png,500,500,500,1.4
data1\S03_6.png,data1\S03_11.png,500,454,500,0.8810572687224669
data1\S03_6.png,data1\S03_12.png,500,435,500,0.45977011494252873
data1\S03_6.png,data1\S03_15.png,500,465,500,1.2903225806451613
data1\S03_6.png,data1\S03_18.png,500,500,500,1.0
data1\S03_6.png,data1\S03_22.png,500,410,500,1.2195121951219512
data1\S03_6.png,data1\S03_28.png,500,335,500,0.5970149253731343
data1\S03_6.png,data1\S03_30.png,500,298,500,2.0134228187919465
data1\S03_6.png,data1\S03_36.png,500,298,500,1.342281879194631
data1\S03_6.png,data1\S03_40.png,500,492,500,0.2032520325203252
data1\S03_6.png,data1\S03_5.png,500,493,500,0.8113590263691683
data1\S03_6.png,data1\S03_7.png,500,458,500,1.5283842794759825
data1\S03_6.png,data1\S14_1.png,500,441,500,0.9070294784580499
data1\S03_6.png,data1\S14_11.png,500,388,500,0.7731958762886598
data1\S03_6.png,data1\S14_19.png,500,483,500,0.6211180124223602
data1\S03_6.png,data1\S14_2.png,500,500,500,0.8
data1\S03_6.png,data1\S14_21.png,500,500,500,0.8
data1\S03_6.png,data1\S14_24.png,500,500,500,0.8
data1\S03_6.png,data1\S14_25.png,500,428,500,0.9345794392523364
data1\S03_6.png,data1\S14_30.png,500,500,500,0.0
data1\S03_6.png,data1\S14_9.png,500,233,500,1.2875536480686696
data1\S03_7.png,data1\S01_0.png,458,224,458,1.7857142857142858
data1\S03_7.png,data1\S01_10.png,458,500,458,0.2
data1\S03_7.png,data1\S01_14.png,458,469,458,0.8528784648187633
data1\S03_7.png,data1\S01_15.png,458,460,458,0.6521739130434783
data1\S03_7.png,data1\S01_16.png,458,454,458,0.44052863436123346
data1\S03_7.png,data1\S01_21.png,458,500,458,0.8
data1\S03_7.png,data1\S01_25.png,458,469,458,0.6396588486140725
data1\S03_7.png,data1\S01_26.png,458,490,458,0.40816326530612246
data1\S03_7.png,data1\S01_27.png,458,500,458,1.2
data1\S03_7.png,data1\S01_28.png,458,475,458,1.263157894736842
data1\S03_7.png,data1\S01_29.png,458,494,458,0.6072874493927125
data1\S03_7.png,data1\S01_30.png,458,482,458,1.037344398340249
data1\S03_7.png,data1\S01_31.png,458,500,458,1.2
data1\S03_7.png,data1\S01_33.png,458,500,458,0.6
data1\S03_7.png,data1\S01_35.png,458,452,458,0.8849557522123894
data1\S03_7.png,data1\S01_36.png,458,500,458,0.8
data1\S03_7.png,data1\S01_37.png,458,500,458,0.8
data1\S03_7.png,data1\S01_39.png,458,361,458,1.10803324099723
data1\S03_7.png,data1\S03_1.png,458,500,458,0.8
data1\S03_7.png,data1\S03_10.png,458,500,458,0.2
data1\S03_7.png,data1\S03_11.png,458,454,458,0.44052863436123346
data1\S03_7.png,data1\S03_12.png,458,435,458,0.6896551724137931
data1\S03_7.png,data1\S03_15.png,458,465,458,1.2903225806451613
data1\S03_7.png,data1\S03_18.png,458,500,458,0.4
data1\S03_7.png,data1\S03_22.png,458,410,458,1.4634146341463414
data1\S03_7.png,data1\S03_28.png,458,335,458,1.492537313432836
data1\S03_7.png,data1\S03_30.png,458,298,458,2.348993288590604
data1\S03_7.png,data1\S03_36.png,458,298,458,1.0067114093959733
data1\S03_7.png,data1\S03_40.png,458,492,458,0.4065040650406504
data1\S03_7.png,data1\S03_5.png,458,493,458,1.0141987829614605
data1\S03_7.png,data1\S03_6.png,458,500,458,0.4
data1\S03_7.png,data1\S14_1.png,458,441,458,0.45351473922902497
data1\S03_7.png,data1\S14_11.png,458,388,458,1.0309278350515463
data1\S03_7.png,data1\S14_19.png,458,483,458,0.0
data1\S03_7.png,data1\S14_2.png,458,500,458,0.8
data1\S03_7.png,data1\S14_21.png,458,500,458,1.0
data1\S03_7.png,data1\S14_24.png,458,500,458,0.2
data1\S03_7.png,data1\S14_25.png,458,428,458,0.4672897196261682
data1\S03_7.png,data1\S14_30.png,458,500,458,0.8
data1\S03_7.png,data1\S14_9.png,458,233,458,2.575107296137339
data1\S14_1.png,data1\S01_0.png,441,224,441,2.6785714285714284
data1\S14_1.png,data1\S01_10.png,441,500,441,1.0
data1\S14_1.png,data1\S01_14.png,441,469,441,0.6396588486140725
data1\S14_1.png,data1\S01_15.png,441,460,441,0.43478260869565216
data1\S14_1.png,data1\S01_16.png,441,454,441,0.22026431718061673
data1\S14_1.png,data1\S01_21.png,441,500,441,1.0
data1\S14_1.png,data1\S01_25.png,441,469,441,0.21321961620469082
data1\S14_1.png,data1\S01_26.png,441,490,441,0.40816326530612246
data1\S14_1.png,data1\S01_27.png,441,500,441,1.2
data1\S14_1.png,data1\S01_28.png,441,475,441,0.42105263157894735
data1\S14_1.png,data1\S01_29.png,441,494,441,0.4048582995951417
data1\S14_1.png,data1\S01_30.png,441,482,441,0.8298755186721992
data1\S14_1.png,data1\S01_31.png,441,500,441,0.8
data1\S14_1.png,data1\S01_33.png,441,500,441,0.2
data1\S14_1.png,data1\S01_35.png,441,452,441,0.22123893805309736
data1\S14_1.png,data1\S01_36.png,441,500,441,0.2
data1\S14_1.png,data1\S01_37.png,441,500,441,0.2
data1\S14_1.png,data1\S01_39.png,441,361,441,0.8310249307479224
data1\S14_1.png,data1\S03_1.png,441,500,441,0.6
data1\S14_1.png,data1\S03_10.png,441,500,441,0.4
data1\S14_1.png,data1\S03_11.png,441,454,441,0.8810572687224669
data1\S14_1.png,data1\S03_12.png,441,435,441,0.45977011494252873
data1\S14_1.png,data1\S03_15.png,441,465,441,0.21505376344086022
data1\S14_1.png,data1\S03_18.png,441,500,441,0.6
data1\S14_1.png,data1\S03_22.png,441,410,441,0.975609756097561
data1\S14_1.png,data1\S03_28.png,441,335,441,1.1940298507462686
data1\S14_1.png,data1\S03_30.png,441,298,441,1.342281879194631
data1\S14_1.png,data1\S03_36.png,441,298,441,1.342281879194631
data1\S14_1.png,data1\S03_40.png,441,492,441,0.6097560975609756
data1\S14_1.png,data1\S03_5.png,441,493,441,0.8113590263691683
data1\S14_1.png,data1\S03_6.png,441,500,441,0.6
data1\S14_1.png,data1\S03_7.png,441,458,441,0.8733624454148472
data1\S14_1.png,data1\S14_11.png,441,388,441,1.5463917525773196
data1\S14_1.png,data1\S14_19.png,441,483,441,0.8281573498964804
data1\S14_1.png,data1\S14_2.png,441,500,441,0.4
data1\S14_1.png,data1\S14_21.png,441,500,441,0.0
data1\S14_1.png,data1\S14_24.png,441,500,441,0.4
data1\S14_1.png,data1\S14_25.png,441,428,441,1.6355140186915889
data1\S14_1.png,data1\S14_30.png,441,500,441,0.4
data1\S14_1.png,data1\S14_9.png,441,233,441,1.7167381974248928
data1\S14_11.png,data1\S01_0.png,388,224,388,3.5714285714285716
data1\S14_11.png,data1\S01_10.png,388,500,388,1.2
data1\S14_11.png,data1\S01_14.png,388,469,388,1.279317697228145
data1\S14_11.png,data1\S01_15.png,388,460,388,0.21739130434782608
data1\S14_11.png,data1\S01_16.png,388,454,388,1.3215859030837005
data1\S14_11.png,data1\S01_21.png,388,500,388,0.6
data1\S14_11.png,data1\S01_25.png,388,469,388,2.345415778251599
data1\S14_11.png,data1\S01_26.png,388,490,388,0.40816326530612246
data1\S14_11.png,data1\S01_27.png,388,500,388,1.0
data1\S14_11.png,data1\S01_28.png,388,475,388,0.631578947368421
data1\S14_11.png,data1\S01_29.png,388,494,388,0.6072874493927125
data1\S14_11.png,data1\S01_30.png,388,482,388,0.8298755186721992
data1\S14_11.png,data1\S01_31.png,388,500,388,0.4
data1\S14_11.png,data1\S01_33.png,388,500,388,1.0
data1\S14_11.png,data1\S01_35.png,388,452,388,1.7699115044247788
data1\S14_11.png,data1\S01_36.png,388,500,388,1.4
data1\S14_11.png,data1\S01_37.png,388,500,388,0.8
data1\S14_11.png,data1\S01_39.png,388,361,388,2.21606648199446
data1\S14_11.png,data1\S03_1.png,388,500,388,1.2
data1\S14_11.png,data1\S03_10.png,388,500,388,1.2
data1\S14_11.png,data1\S03_11.png,388,454,388,1.7621145374449338
data1\S14_11.png,data1\S03_12.png,388,435,388,1.839080459770115
data1\S14_11.png,data1\S03_15.png,388,465,388,0.43010752688172044
data1\S14_11.png,data1\S03_18.png,388,500,388,0.8
data1\S14_11.png,data1\S03_22.png,388,410,388,1.2195121951219512
data1\S14_11.png,data1\S03_28.png,388,335,388,1.492537313432836
data1\S14_11.png,data1\S03_30.png,388,298,388,1.0067114093959733
data1\S14_11.png,data1\S03_36.png,388,298,388,2.0134228187919465
data1\S14_11.png,data1\S03_40.png,388,492,388,0.6097560975609756
data1\S14_11.png,data1\S03_5.png,388,493,388,1.6227180527383367
data1\S14_11.png,data1\S03_6.png,388,500,388,1.6
data1\S14_11.png,data1\S03_7.png,388,458,388,0.6550218340611353
data1\S14_11.png,data1\S14_1.png,388,441,388,1.3605442176870748
data1\S14_11.png,data1\S14_19.png,388,483,388,0.4140786749482402
data1\S14_11.png,data1\S14_2.png,388,500,388,0.4
data1\S14_11.png,data1\S14_21.png,388,500,388,0.2
data1\S14_11.png,data1\S14_24.png,388,500,388,1.2
data1\S14_11.png,data1\S14_25.png,388,428,388,0.9345794392523364
data1\S14_11.png,data1\S14_30.png,388,500,388,0.8
data1\S14_11.png,data1\S14_9.png,388,233,388,1.2875536480686696
data1\S14_19.png,data1\S01_0.png,483,224,483,0.44642857142857145
data1\S14_19.png,data1\S01_10.png,483,500,483,0.6
data1\S14_19.png,data1\S01_14.png,483,469,483,0.42643923240938164
data1\S14_19.png,data1\S01_15.png,483,460,483,0.43478260869565216
data1\S14_19.png,data1\S01_16.png,483,454,483,1.5418502202643172
data1\S14_19.png,data1\S01_21.png,483,500,483,0.8
data1\S14_19.png,data1\S01_25.png,483,469,483,0.8528784648187633
data1\S14_19.png,data1\S01_26.png,483,490,483,1.836734693877551
data1\S14_19.png,data1\S01_27.png,483,500,483,0.8
data1\S14_19.png,data1\S01_28.png,483,475,483,0.21052631578947367
data1\S14_19.png,data1\S01_29.png,483,494,483,0.6072874493927125
data1\S14_19.png,data1\S01_30.png,483,482,483,0.0
data1\S14_19.png,data1\S01_31.png,483,500,483,0.2
data1\S14_19.png,data1\S01_33.png,483,500,483,0.6
data1\S14_19.png,data1\S01_35.png,483,452,483,0.6637168141592921
data1\S14_19.png,data1\S01_36.png,483,500,483,0.0
data1\S14_19.png,data1\S01_37.png,483,500,483,0.6
data1\S14_19.png,data1\S01_39.png,483,361,483,0.0
data1\S14_19.png,data1\S03_1.png,483,500,483,1.2
data1\S14_19.png,data1\S03_10.png,483,500,483,0.6
data1\S14_19.png,data1\S03_11.png,483,454,483,1.7621145374449338
data1\S14_19.png,data1\S03_12.png,483,435,483,1.6091954022988506
data1\S14_19.png,data1\S03_15.png,483,465,483,1.075268817204301
data1\S14_19.png,data1\S03_18.png,483,500,483,1.2
data1\S14_19.png,data1\S03_22.png,483,410,483,0.7317073170731707
data1\S14_19.png,data1\S03_28.png,483,335,483,1.791044776119403
data1\S14_19.png,data1\S03_30.png,483,298,483,2.0134228187919465
data1\S14_19.png,data1\S03_36.png,483,298,483,1.6778523489932886
data1\S14_19.png,data1\S03_40.png,483,492,483,1.6260162601626016
data1\S14_19.png,data1\S03_5.png,483,493,483,1.0141987829614605
data1\S14_19.png,data1\S03_6.png,483,500,483,1.0
data1\S14_19.png,data1\S03_7.png,483,458,483,0.4366812227074236
data1\S14_19.png,data1\S14_1.png,483,441,483,1.1337868480725624
data1\S14_19.png,data1\S14_11.png,483,388,483,0.7731958762886598
data1\S14_19.png,data1\S14_2.png,483,500,483,0.6
data1\S14_19.png,data1\S14_21.png,483,500,483,1.2
data1\S14_19.png,data1\S14_24.png,483,500,483,1.0
data1\S14_19.png,data1\S14_25.png,483,428,483,0.4672897196261682
data1\S14_19.png,data1\S14_30.png,483,500,483,0.2
data1\S14_19.png,data1\S14_9.png,483,233,483,1.2875536480686696
data1\S14_2.png,data1\S01_0.png,500,224,500,0.44642857142857145
data1\S14_2.png,data1\S01_10.png,500,500,500,0.2
data1\S14_2.png,data1\S01_14.png,500,469,500,1.279317697228145
data1\S14_2.png,data1\S01_15.png,500,460,500,0.43478260869565216
data1\S14_2.png,data1\S01_16.png,500,454,500,1.3215859030837005
data1\S14_2.png,data1\S01_21.png,500,500,500,0.0
data1\S14_2.png,data1\S01_25.png,500,469,500,0.0
data1\S14_2.png,data1\S01_26.png,500,490,500,1.2244897959183674
data1\S14_2.png,data1\S01_27.png,500,500,500,0.2
data1\S14_2.png,data1\S01_28.png,500,475,500,0.21052631578947367
data1\S14_2.png,data1\S01_29.png,500,494,500,0.20242914979757085
data1\S14_2.png,data1\S01_30.png,500,482,500,0.0
data1\S14_2.png,data1\S01_31.png,500,500,500,0.4
data1\S14_2.png,data1\S01_33.png,500,500,500,0.4
data1\S14_2.png,data1\S01_35.png,500,452,500,0.4424778761061947
data1\S14_2.png,data1\S01_36.png,500,500,500,0.4
data1\S14_2.png,data1\S01_37.png,500,500,500,1.2
data1\S14_2.png,data1\S01_39.png,500,361,500,0.2770083102493075
data1\S14_2.png,data1\S03_1.png,500,500,500,0.4
data1\S14_2.png,data1\S03_10.png,500,500,500,1.4
data1\S14_2.png,data1\S03_11.png,500,454,500,0.22026431718061673
data1\S14_2.png,data1\S03_12.png,500,435,500,0.45977011494252873
data1\S14_2.png,data1\S03_15.png,500,465,500,0.6451612903225806
data1\S14_2.png,data1\S03_18.png,500,500,500,0.6
data1\S14_2.png,data1\S03_22.png,500,410,500,0.4878048780487805
data1\S14_2.png,data1\S03_28.png,500,335,500,1.492537313432836
data1\S14_2.png,data1\S03_30.png,500,298,500,0.6711409395973155
data1\S14_2.png,data1\S03_36.png,500,298,500,0.33557046979865773
data1\S14_2.png,data1\S03_40.png,500,492,500,0.0
data1\S14_2.png,data1\S03_5.png,500,493,500,0.2028397565922921
data1\S14_2.png,data1\S03_6.png,500,500,500,0.4
data1\S14_2.png,data1\S03_7.png,500,458,500,0.2183406113537118
data1\S14_2.png,data1\S14_1.png,500,441,500,1.3605442176870748
data1\S14_2.png,data1\S14_11.png,500,388,500,0.0
data1\S14_2.png,data1\S14_19.png,500,483,500,0.4140786749482402
data1\S14_2.png,data1\S14_21.png,500,500,500,0.4
data1\S14_2.png,data1\S14_24.png,500,500,500,0.2
data1\S14_2.png,data1\S14_25.png,500,428,500,0.0
data1\S14_2.png,data1\S14_30.png,500,500,500,0.6
data1\S14_2.png,data1\S14_9.png,500,233,500,0.4291845493562232
data1\S14_21.png,data1\S01_0.png,500,224,500,0.44642857142857145
data1\S14_21.png,data1\S01_10.png,500,500,500,0.6
data1\S14_21.png,data1\S01_14.png,500,469,500,0.42643923240938164
data1\S14_21.png,data1\S01_15.png,500,460,500,0.21739130434782608
data1\S14_21.png,data1\S01_16.png,500,454,500,0.0
data1\S14_21.png,data1\S01_21.png,500,500,500,0.4
data1\S14_21.png,data1\S01_25.png,500,469,500,0.6396588486140725
data1\S14_21.png,data1\S01_26.png,500,490,500,0.6122448979591837
data1\S14_21.png,data1\S01_27.png,500,500,500,0.4
data1\S14_21.png,data1\S01_28.png,500,475,500,0.631578947368421
data1\S14_21.png,data1\S01_29.png,500,494,500,1.6194331983805668
data1\S14_21.png,data1\S01_30.png,500,482,500,0.2074688796680498
data1\S14_21.png,data1\S01_31.png,500,500,500,0.0
data1\S14_21.png,data1\S01_33.png,500,500,500,0.4
data1\S14_21.png,data1\S01_35.png,500,452,500,0.4424778761061947
data1\S14_21.png,data1\S01_36.png,500,500,500,0.2
data1\S14_21.png,data1\S01_37.png,500,500,500,0.2
data1\S14_21.png,data1\S01_39.png,500,361,500,0.0
data1\S14_21.png,data1\S03_1.png,500,500,500,0.0
data1\S14_21.png,data1\S03_10.png,500,500,500,0.6
data1\S14_21.png,data1\S03_11.png,500,454,500,0.22026431718061673
data1\S14_21.png,data1\S03_12.png,500,435,500,0.6896551724137931
data1\S14_21.png,data1\S03_15.png,500,465,500,0.21505376344086022
data1\S14_21.png,data1\S03_18.png,500,500,500,0.6
data1\S14_21.png,data1\S03_22.png,500,410,500,0.4878048780487805
data1\S14_21.png,data1\S03_28.png,500,335,500,0.29850746268656714
data1\S14_21.png,data1\S03_30.png,500,298,500,1.0067114093959733
data1\S14_21.png,data1\S03_36.png,500,298,500,1.342281879194631
data1\S14_21.png,data1\S03_40.png,500,492,500,0.0
data1\S14_21.png,data1\S03_5.png,500,493,500,0.8113590263691683
data1\S14_21.png,data1\S03_6.png,500,500,500,0.8
data1\S14_21.png,data1\S03_7.png,500,458,500,0.2183406113537118
data1\S14_21.png,data1\S14_1.png,500,441,500,0.0
data1\S14_21.png,data1\S14_11.png,500,388,500,0.5154639175257731
data1\S14_21.png,data1\S14_19.png,500,483,500,0.2070393374741201
data1\S14_21.png,data1\S14_2.png,500,500,500,0.8
data1\S14_21.png,data1\S14_24.png,500,500,500,0.6
data1\S14_21.png,data1\S14_25.png,500,428,500,0.4672897196261682
data1\S14_21.png,data1\S14_30.png,500,500,500,0.2
data1\S14_21.png,data1\S14_9.png,500,233,500,3.004291845493562
data1\S14_24.png,data1\S01_0.png,500,224,500,2.6785714285714284
data1\S14_24.png,data1\S01_10.png,500,500,500,0.4
data1\S14_24.png,data1\S01_14.png,500,469,500,0.21321961620469082
data1\S14_24.png,data1\S01_15.png,500,460,500,0.43478260869565216
data1\S14_24.png,data1\S01_16.png,500,454,500,0.22026431718061673
data1\S14_24.png,data1\S01_21.png,500,500,500,0.8
data1\S14_24.png,data1\S01_25.png,500,469,500,1.0660980810234542
data1\S14_24.png,data1\S01_26.png,500,490,500,1.2244897959183674
data1\S14_24.png,data1\S01_27.png,500,500,500,0.6
data1\S14_24.png,data1\S01_28.png,500,475,500,0.42105263157894735
data1\S14_24.png,data1\S01_29.png,500,494,500,0.20242914979757085
data1\S14_24.png,data1\S01_30.png,500,482,500,0.2074688796680498
data1\S14_24.png,data1\S01_31.png,500,500,500,0.6
data1\S14_24.png,data1\S01_33.png,500,500,500,0.2
data1\S14_24.png,data1\S01_35.png,500,452,500,0.4424778761061947
data1\S14_24.png,data1\S01_36.png,500,500,500,0.4
data1\S14_24.png,data1\S01_37.png,500,500,500,0.2
data1\S14_24.png,data1\S01_39.png,500,361,500,0.8310249307479224
data1\S14_24.png,data1\S03_1.png,500,500,500,0.2
data1\S14_24.png,data1\S03_10.png,500,500,500,0.6
data1\S14_24.png,data1\S03_11.png,500,454,500,0.0
data1\S14_24.png,data1\S03_12.png,500,435,500,1.1494252873563218
data1\S14_24.png,data1\S03_15.png,500,465,500,0.8602150537634409
data1\S14_24.png,data1\S03_18.png,500,500,500,0.2
data1\S14_24.png,data1\S03_22.png,500,410,500,0.975609756097561
data1\S14_24.png,data1\S03_28.png,500,335,500,0.8955223880597015
data1\S14_24.png,data1\S03_30.png,500,298,500,0.0
data1\S14_24.png,data1\S03_36.png,500,298,500,0.33557046979865773
data1\S14_24.png,data1\S03_40.png,500,492,500,0.4065040650406504
data1\S14_24.png,data1\S03_5.png,500,493,500,0.4056795131845842
data1\S14_24.png,data1\S03_6.png,500,500,500,0.8
data1\S14_24.png,data1\S03_7.png,500,458,500,0.6550218340611353
data1\S14_24.png,data1\S14_1.png,500,441,500,0.0
data1\S14_24.png,data1\S14_11.png,500,388,500,0.25773195876288657
data1\S14_24.png,data1\S14_19.png,500,483,500,0.4140786749482402
data1\S14_24.png,data1\S14_2.png,500,500,500,0.4
data1\S14_24.png,data1\S14_21.png,500,500,500,1.0
data1\S14_24.png,data1\S14_25.png,500,428,500,0.2336448598130841
data1\S14_24.png,data1\S14_30.png,500,500,500,0.6
data1\S14_24.png,data1\S14_9.png,500,233,500,0.4291845493562232
data1\S14_25.png,data1\S01_0.png,428,224,428,2.232142857142857
data1\S14_25.png,data1\S01_10.png,428,500,428,0.8
data1\S14_25.png,data1\S01_14.png,428,469,428,0.8528784648187633
data1\S14_25.png,data1\S01_15.png,428,460,428,0.8695652173913043
data1\S14_25.png,data1\S01_16.png,428,454,428,0.8810572687224669
data1\S14_25.png,data1\S01_21.png,428,500,428,1.2
data1\S14_25.png,data1\S01_25.png,428,469,428,0.21321961620469082
data1\S14_25.png,data1\S01_26.png,428,490,428,0.40816326530612246
data1\S14_25.png,data1\S01_27.png,428,500,428,1.4
data1\S14_25.png,data1\S01_28.png,428,475,428,0.8421052631578947
data1\S14_25.png,data1\S01_29.png,428,494,428,0.8097165991902834
data1\S14_25.png,data1\S01_30.png,428,482,428,0.8298755186721992
data1\S14_25.png,data1\S01_31.png,428,500,428,1.0
data1\S14_25.png,data1\S01_33.png,428,500,428,0.8
data1\S14_25.png,data1\S01_35.png,428,452,428,1.7699115044247788
data1\S14_25.png,data1\S01_36.png,428,500,428,0.8
data1\S14_25.png,data1\S01_37.png,428,500,428,0.2
data1\S14_25.png,data1\S01_39.png,428,361,428,1.10803324099723
data1\S14_25.png,data1\S03_1.png,428,500,428,0.6
data1\S14_25.png,data1\S03_10.png,428,500,428,0.6
data1\S14_25.png,data1\S03_11.png,428,454,428,0.6607929515418502
data1\S14_25.png,data1\S03_12.png,428,435,428,1.1494252873563218
data1\S14_25.png,data1\S03_15.png,428,465,428,0.6451612903225806
data1\S14_25.png,data1\S03_18.png,428,500,428,1.0
data1\S14_25.png,data1\S03_22.png,428,410,428,1.951219512195122
data1\S14_25.png,data1\S03_28.png,428,335,428,0.8955223880597015
data1\S14_25.png,data1\S03_30.png,428,298,428,0.6711409395973155
data1\S14_25.png,data1\S03_36.png,428,298,428,1.342281879194631
data1\S14_25.png,data1\S03_40.png,428,492,428,0.6097560975609756
data1\S14_25.png,data1\S03_5.png,428,493,428,0.2028397565922921
data1\S14_25.png,data1\S03_6.png,428,500,428,0.0
data1\S14_25.png,data1\S03_7.png,428,458,428,1.091703056768559
data1\S14_25.png,data1\S14_1.png,428,441,428,1.3605442176870748
data1\S14_25.png,data1\S14_11.png,428,388,428,0.5154639175257731
data1\S14_25.png,data1\S14_19.png,428,483,428,1.6563146997929608
data1\S14_25.png,data1\S14_2.png,428,500,428,0.0
data1\S14_25.png,data1\S14_21.png,428,500,428,0.8
data1\S14_25.png,data1\S14_24.png,428,500,428,0.2
data1\S14_25.png,data1\S14_30.png,428,500,428,0.0
data1\S14_25.png,data1\S14_9.png,428,233,428,1.2875536480686696
data1\S14_30.png,data1\S01_0.png,500,224,500,1.7857142857142858
data1\S14_30.png,data1\S01_10.png,500,500,500,0.4
data1\S14_30.png,data1\S01_14.png,500,469,500,0.42643923240938164
data1\S14_30.png,data1\S01_15.png,500,460,500,1.0869565217391304
data1\S14_30.png,data1\S01_16.png,500,454,500,0.8810572687224669
data1\S14_30.png,data1\S01_21.png,500,500,500,0.2
data1\S14_30.png,data1\S01_25.png,500,469,500,0.21321961620469082
data1\S14_30.png,data1\S01_26.png,500,490,500,0.40816326530612246
data1\S14_30.png,data1\S01_27.png,500,500,500,0.4
data1\S14_30.png,data1\S01_28.png,500,475,500,0.8421052631578947
data1\S14_30.png,data1\S01_29.png,500,494,500,0.4048582995951417
data1\S14_30.png,data1\S01_30.png,500,482,500,0.8298755186721992
data1\S14_30.png,data1\S01_31.png,500,500,500,0.6
data1\S14_30.png,data1\S01_33.png,500,500,500,0.8
data1\S14_30.png,data1\S01_35.png,500,452,500,1.1061946902654867
data1\S14_30.png,data1\S01_36.png,500,500,500,0.2
data1\S14_30.png,data1\S01_37.png,500,500,500,0.2
data1\S14_30.png,data1\S01_39.png,500,361,500,0.554016620498615
data1\S14_30.png,data1\S03_1.png,500,500,500,0.6
data1\S14_30.png,data1\S03_10.png,500,500,500,0.8
data1\S14_30.png,data1\S03_11.png,500,454,500,0.8810572687224669
data1\S14_30.png,data1\S03_12.png,500,435,500,0.45977011494252873
data1\S14_30.png,data1\S03_15.png,500,465,500,0.6451612903225806
data1\S14_30.png,data1\S03_18.png,500,500,500,0.8
data1\S14_30.png,data1\S03_22.png,500,410,500,0.975609756097561
data1\S14_30.png,data1\S03_28.png,500,335,500,1.1940298507462686
data1\S14_30.png,data1\S03_30.png,500,298,500,1.342281879194631
data1\S14_30.png,data1\S03_36.png,500,298,500,0.6711409395973155
data1\S14_30.png,data1\S03_40.png,500,492,500,0.8130081300813008
data1\S14_30.png,data1\S03_5.png,500,493,500,0.8113590263691683
data1\S14_30.png,data1\S03_6.png,500,500,500,0.0
data1\S14_30.png,data1\S03_7.png,500,458,500,0.0
data1\S14_30.png,data1\S14_1.png,500,441,500,0.45351473922902497
data1\S14_30.png,data1\S14_11.png,500,388,500,1.8041237113402062
data1\S14_30.png,data1\S14_19.png,500,483,500,0.4140786749482402
data1\S14_30.png,data1\S14_2.png,500,500,500,0.8
data1\S14_30.png,data1\S14_21.png,500,500,500,1.2
data1\S14_30.png,data1\S14_24.png,500,500,500,0.2
data1\S14_30.png,data1\S14_25.png,500,428,500,1.1682242990654206
data1\S14_30.png,data1\S14_9.png,500,233,500,0.8583690987124464
data1\S14_9.png,data1\S01_0.png,233,224,233,2.232142857142857
data1\S14_9.png,data1\S01_10.png,233,500,233,0.2
data1\S14_9.png,data1\S01_14.png,233,469,233,0.42643923240938164
data1\S14_9.png,data1\S01_15.png,233,460,233,0.0
data1\S14_9.png,data1\S01_16.png,233,454,233,1.3215859030837005
data1\S14_9.png,data1\S01_21.png,233,500,233,0.2
data1\S14_9.png,data1\S01_25.png,233,469,233,0.42643923240938164
data1\S14_9.png,data1\S01_26.png,233,490,233,1.0204081632653061
data1\S14_9.png,data1\S01_27.png,233,500,233,0.6
data1\S14_9.png,data1\S01_28.png,233,475,233,0.42105263157894735
data1\S14_9.png,data1\S01_29.png,233,494,233,0.6072874493927125
data1\S14_9.png,data1\S01_30.png,233,482,233,0.0
data1\S14_9.png,data1\S01_31.png,233,500,233,0.4
data1\S14_9.png,data1\S01_33.png,233,500,233,0.2
data1\S14_9.png,data1\S01_35.png,233,452,233,0.22123893805309736
data1\S14_9.png,data1\S01_36.png,233,500,233,0.4
data1\S14_9.png,data1\S01_37.png,233,500,233,0.0
data1\S14_9.png,data1\S01_39.png,233,361,233,1.10803324099723
data1\S14_9.png,data1\S03_1.png,233,500,233,0.4
data1\S14_9.png,data1\S03_10.png,233,500,233,0.2
data1\S14_9.png,data1\S03_11.png,233,454,233,0.44052863436123346
data1\S14_9.png,data1\S03_12.png,233,435,233,0.22988505747126436
data1\S14_9.png,data1\S03_15.png,233,465,233,0.8602150537634409
data1\S14_9.png,data1\S03_18.png,233,500,233,0.2
data1\S14_9.png,data1\S03_22.png,233,410,233,0.0
data1\S14_9.png,data1\S03_28.png,233,335,233,0.29850746268656714
data1\S14_9.png,data1\S03_30.png,233,298,233,0.33557046979865773
data1\S14_9.png,data1\S03_36.png,233,298,233,1.342281879194631
data1\S14_9.png,data1\S03_40.png,233,492,233,0.6097560975609756
data1\S14_9.png,data1\S03_5.png,233,493,233,0.0
data1\S14_9.png,data1\S03_6.png,233,500,233,0.2
data1\S14_9.png,data1\S03_7.png,233,458,233,0.8733624454148472
data1\S14_9.png,data1\S14_1.png,233,441,233,0.6802721088435374
data1\S14_9.png,data1\S14_11.png,233,388,233,0.25773195876288657
data1\S14_9.png,data1\S14_19.png,233,483,233,0.0
data1\S14_9.png,data1\S14_2.png,233,500,233,0.6
data1\S14_9.png,data1\S14_21.png,233,500,233,0.2
data1\S14_9.png,data1\S14_24.png,233,500,233,0.2
data1\S14_9.png,data1\S14_25.png,233,428,233,0.7009345794392523
data1\S14_9.png,data1\S14_30.png,233,500,233,0.2
